Offensive Rank,Team,G,Offense TDs,Total Offense YPG,Season,Rushing Rank,Rushing TDs,Rush YPG,Passing Rank,Int,Passing TDs,Pass YPG,Defensive Rank,Opp TDs,Total Defense YPG,Rushing Defensive Rank,Opp Rush TDs,Opp Rush YPG,Passing Defensive Rank,Opp Pass TDs,Opp Pass YPG,TM Rank,Fumbles Recovered,Fumbles Lost,Turnover Margin,PPG Rank,Penalties,Penalties Per Game,Penalty YPG Rank,Penalty YPG,TOP Rank,Avg Time of Possession,ATP Rank,Conference,Wins,Losses
1,Miami (FL) ,13,71,537.2,2024,31,30,188.9,3,8,41,348.2,27,42,327.2,19,16,112.8,57,22,214.4,52,4,8,2,95,86,6.62,119,67.54,8,32:43,,ACC,10,3
2,Ole Miss ,13,60,526.5,2024,44,29,175.7,2,7,31,350.8,14,21,311.2,2,7,80.5,86,13,230.8,13,11,6,10,111,94,7.23,127,72.00,108,28:23,,SEC,10,3
3,North Texas ,13,57,488.8,2024,69,24,160.6,4,14,33,328.2,127,54,460.5,115,28,195.9,121,23,264.6,103,5,8,-6,104,91,7.00,98,59.46,128,26:47,,The American,6,7
4,New Mexico ,12,49,484.3,2024,2,37,253.6,61,12,12,230.7,130,59,492.1,125,27,212.9,128,30,279.2,119,7,7,-9,133,112,9.33,132,81.50,98,28:53,,Mountain West,5,7
5,Texas St. ,13,58,476.9,2024,15,27,208.2,22,14,31,268.7,53,38,357.6,55,24,143.0,58,13,214.6,99,9,9,-5,100,88,6.77,114,64.15,34,31:12,,Sun Belt,8,5
6,Utah St. ,12,50,467.7,2024,23,21,198.6,21,17,29,269.1,129,56,470.1,127,27,214.5,117,28,255.6,105,3,5,-6,123,94,7.83,128,73.75,119,27:19,,Mountain West,4,8
7,Syracuse ,13,56,467.6,2024,125,22,97.6,1,12,34,370.0,78,47,377.5,69,19,150.2,82,22,227.3,55,5,3,1,107,92,7.08,97,59.15,6,33:04,,ACC,10,3
8,Boise St. ,14,66,466.0,2024,8,43,240.4,70,7,23,225.6,60,41,363.7,31,15,122.3,106,24,241.4,45,9,5,4,47,76,5.43,40,46.21,22,31:52,,Mountain West,12,2
9,Texas Tech ,13,57,462.7,2024,61,26,166.0,9,11,31,296.7,126,57,460.2,73,28,152.1,132,28,308.1,55,8,10,1,113,95,7.31,105,60.92,64,30:11,,Big 12,8,5
10,Arkansas ,13,50,459.5,2024,34,34,184.8,18,9,16,274.7,73,39,376.1,34,15,129.2,110,22,246.9,111,5,14,-8,110,93,7.15,100,59.85,53,30:25,,SEC,7,6
11,Clemson ,14,60,451.9,2024,48,23,173.4,15,7,37,278.5,69,41,374.1,85,18,160.6,54,22,213.5,4,10,3,16,21,69,4.93,43,47.64,50,30:30,,ACC,10,4
12,UTSA ,13,48,451.2,2024,54,21,167.7,11,13,27,283.5,71,50,375.2,11,19,109.3,123,28,265.8,55,11,8,1,131,113,8.69,131,81.08,40,31:02,,The American,7,6
13,Louisville ,13,54,449.2,2024,33,28,185.2,26,6,26,264.1,64,40,368.7,40,15,132.5,100,24,236.2,35,7,5,6,81,81,6.23,57,49.38,75,29:50,,ACC,9,4
14,UCF ,12,47,447.8,2024,5,33,248.1,97,11,14,199.7,37,40,339.0,29,14,120.3,67,21,218.7,114,2,8,-8,92,78,6.50,85,54.42,110,28:18,,Big 12,4,8
15,Tennessee ,13,55,447.0,2024,9,34,225.8,77,7,21,221.2,6,26,293.2,10,13,103.9,29,11,189.3,35,9,8,6,125,105,8.08,118,66.85,79,29:34,,SEC,10,3
16,Memphis ,13,58,444.5,2024,46,33,174.1,20,6,25,270.5,66,39,369.3,15,21,111.8,118,17,257.5,2,15,2,18,35,69,5.31,46,48.00,4,33:14,,The American,11,2
17,Washington St. ,13,61,442.8,2024,56,28,166.8,16,9,33,276.1,119,48,442.6,96,23,172.1,124,25,270.5,24,8,5,8,77,80,6.15,93,57.85,96,28:58,,FBS Independent,8,5
18,South Alabama ,13,53,442.2,2024,22,32,198.7,45,6,21,243.5,89,39,391.0,54,19,142.2,111,18,248.8,24,4,6,8,130,107,8.23,125,71.31,84,29:25,,Sun Belt,7,6
19,Jacksonville St. ,14,65,441.6,2024,3,51,251.2,106,7,14,190.4,93,44,393.0,99,21,174.8,66,21,218.2,22,12,8,9,73,83,5.93,92,57.71,125,26:58,,CUSA,9,5
20,Baylor ,13,56,440.1,2024,42,25,178.8,34,10,31,261.3,87,43,386.2,72,16,152.0,94,22,234.2,35,7,5,6,77,80,6.15,103,60.38,111,28:01,,Big 12,8,5
21,Texas ,16,66,437.5,2024,71,26,158.8,14,14,40,278.8,3,27,283.4,13,15,109.6,7,9,173.8,43,9,12,5,86,102,6.38,73,51.81,74,29:52,,SEC,13,3
22,Oregon ,14,60,437.4,2024,72,30,157.9,13,6,30,279.5,15,32,315.9,38,16,130.0,25,15,185.9,33,6,5,7,33,74,5.29,18,41.43,44,30:51,,Big Ten,13,1
23,Southern California ,13,49,437.2,2024,82,20,145.3,10,15,29,291.9,77,38,377.1,53,19,141.2,98,15,235.8,81,6,6,-3,66,75,5.77,68,51.38,55,30:22,,Big Ten,7,6
24,East Carolina ,13,49,436.4,2024,50,23,172.4,27,23,26,264.0,100,47,405.2,94,21,169.8,96,24,235.3,111,8,7,-8,119,99,7.62,111,63.62,132,25:20,,The American,8,5
25,LSU ,13,44,431.5,2024,107,15,116.4,7,12,29,315.2,61,38,364.4,51,26,140.1,76,11,224.3,81,8,5,-3,84,82,6.31,58,49.62,16,32:04,,SEC,9,4
26,Penn St. ,16,65,430.2,2024,17,35,202.3,66,10,30,227.9,7,28,294.8,9,10,101.9,31,18,192.9,21,6,5,11,40,85,5.31,62,50.25,56,30:22,,Big Ten,13,3
27,SMU ,14,57,429.5,2024,55,29,167.6,31,12,28,261.9,26,39,326.0,7,13,100.2,79,24,225.8,71,6,12,-2,127,114,8.14,130,77.71,107,28:28,,ACC,11,3
28,Arizona St. ,14,56,429.4,2024,20,30,199.9,62,6,26,229.5,38,39,339.6,21,19,112.9,81,19,226.7,6,7,3,14,90,90,6.43,80,53.64,10,32:37,,Big 12,11,3
29,Auburn ,12,40,429.4,2024,62,13,165.5,28,13,27,263.9,31,31,330.8,27,18,117.8,52,12,213.0,119,5,9,-9,65,69,5.75,56,49.33,120,27:14,,SEC,5,7
30,Ohio St. ,16,71,429.4,2024,58,34,166.4,29,10,37,263.0,1,24,254.6,3,13,87.6,3,10,167.0,50,9,6,3,13,72,4.50,16,40.81,58,30:18,,Big Ten,14,2
31,Kansas St. ,13,46,426.8,2024,11,21,215.5,85,10,25,211.4,43,37,343.4,28,15,118.7,77,20,224.7,65,5,6,-1,48,71,5.46,37,45.69,90,29:10,,Big 12,9,4
31,TCU ,13,55,426.8,2024,112,26,113.9,8,11,29,312.9,45,39,345.6,83,21,160.5,23,14,185.2,103,6,11,-6,57,73,5.62,78,53.15,105,28:33,,Big 12,9,4
33,App State ,11,36,426.8,2024,77,13,153.8,19,16,23,273.0,104,46,412.5,117,24,197.6,59,20,214.8,124,9,6,-9,74,66,6.00,89,56.91,66,30:07,,Sun Belt,5,6
34,Indiana ,13,70,426.4,2024,63,37,165.1,34,6,33,261.3,2,24,256.3,1,12,80.2,10,11,176.1,3,9,3,15,17,62,4.77,28,43.92,47,30:42,,Big Ten,11,2
35,Georgia Tech ,13,46,424.5,2024,32,29,187.0,54,7,17,237.5,42,43,342.8,30,15,122.2,69,24,220.7,55,6,3,1,42,70,5.38,24,43.31,45,30:50,,ACC,7,6
36,Cincinnati ,12,37,420.6,2024,36,19,184.1,55,7,18,236.5,85,34,385.4,88,15,162.7,73,16,222.8,92,9,11,-4,41,64,5.33,29,44.42,27,31:43,,Big 12,5,7
37,Kansas ,12,44,420.2,2024,13,29,211.4,90,12,15,208.8,92,37,392.6,75,10,153.5,103,25,239.1,61,5,5,0,13,54,4.50,12,38.67,38,31:04,,Big 12,5,7
38,Liberty ,12,44,418.5,2024,4,28,250.7,123,7,16,167.8,48,33,350.4,76,21,154.1,35,11,196.3,86,7,11,-3,101,82,6.83,116,66.08,48,30:38,,CUSA,8,4
39,Iowa St. ,14,52,416.2,2024,70,27,160.5,39,10,25,255.7,51,41,353.9,109,19,188.4,1,18,165.6,22,9,5,9,4,53,3.79,1,28.00,18,31:59,,Big 12,11,3
40,UNLV ,14,54,416.1,2024,7,29,243.5,121,6,25,172.6,49,38,350.9,23,17,115.0,99,20,235.9,6,6,3,14,53,78,5.57,55,49.21,62,30:12,,Mountain West,11,3
41,Louisiana ,14,48,415.1,2024,57,26,166.4,41,9,22,248.7,47,41,348.4,77,20,154.2,33,19,194.2,16,5,2,10,69,82,5.86,51,48.79,32,31:18,,Sun Belt,10,4
42,Alabama ,13,58,410.2,2024,47,41,173.8,56,11,17,236.4,21,25,320.1,48,10,137.8,19,13,182.2,31,11,10,7,113,95,7.31,122,69.08,91,29:06,,SEC,9,4
43,San Jose St. ,13,44,409.8,2024,130,13,88.1,5,16,31,321.8,82,44,380.6,64,25,147.8,91,16,232.8,65,7,13,-1,104,91,7.00,102,60.31,130,26:21,,Mountain West,7,6
44,Pittsburgh ,13,45,408.7,2024,85,16,141.8,24,16,29,266.9,81,45,378.2,19,18,112.8,122,22,265.4,73,5,4,-2,107,92,7.08,107,61.38,129,26:25,,ACC,7,6
45,South Carolina ,13,47,407.8,2024,35,26,184.4,75,7,21,223.4,16,28,316.6,18,18,112.2,44,10,204.4,47,10,14,3,98,87,6.69,94,58.00,35,31:10,,SEC,9,4
46,South Fla. ,13,50,407.7,2024,39,34,180.2,67,10,16,227.5,118,49,436.9,81,25,158.2,127,23,278.8,31,13,8,7,125,105,8.08,124,70.92,133,25:08,,The American,7,6
47,James Madison ,13,48,407.6,2024,28,20,191.5,81,4,28,216.1,23,33,321.8,26,13,115.4,45,16,206.5,1,12,5,20,104,91,7.00,86,54.46,23,31:48,,Sun Belt,9,4
48,North Carolina ,13,44,406.7,2024,38,26,182.3,72,9,18,224.4,72,43,375.8,66,21,149.5,80,19,226.3,73,6,8,-2,117,98,7.54,113,64.00,78,29:39,,ACC,6,7
49,Texas A&M ,13,46,405.8,2024,26,27,195.5,87,11,19,210.3,63,34,367.3,42,14,135.2,90,20,232.2,40,4,4,5,117,98,7.54,117,66.31,28,31:43,,SEC,8,5
50,Ohio ,14,50,405.6,2024,12,35,213.1,104,12,15,192.4,9,31,303.1,4,14,90.6,50,16,212.6,71,9,10,-2,53,78,5.57,35,45.50,9,32:42,,MAC,11,3
51,Georgia ,14,53,405.4,2024,102,24,124.4,12,13,29,281.0,30,29,329.9,36,14,129.6,38,14,200.2,64,11,7,-1,64,80,5.71,80,53.64,69,30:05,,SEC,11,3
52,Tulane ,14,57,405.0,2024,25,32,195.6,89,9,25,209.4,24,34,323.5,60,20,145.8,15,13,177.7,33,8,6,7,76,86,6.14,60,50.07,12,32:13,,The American,9,5
53,West Virginia ,13,47,404.0,2024,27,27,193.7,87,14,20,210.3,110,56,415.2,56,28,144.4,125,26,270.8,111,6,5,-8,10,57,4.38,6,34.31,17,32:00,,Big 12,6,7
54,Old Dominion ,12,44,402.7,2024,14,27,209.8,103,9,17,192.9,102,42,410.4,97,18,172.6,101,23,237.8,86,5,11,-3,80,74,6.17,83,54.17,112,28:00,,Sun Belt,5,7
55,Notre Dame ,16,69,399.1,2024,19,45,200.9,101,8,24,198.1,11,30,307.4,49,16,138.1,4,14,169.4,5,14,7,18,67,93,5.81,65,50.88,65,30:10,,FBS Independent,14,2
56,UConn ,13,48,397.6,2024,21,23,199.2,100,9,25,198.4,46,35,347.3,39,16,132.3,60,16,215.0,65,5,7,-1,35,69,5.31,77,52.69,71,29:57,,FBS Independent,9,4
57,Fla. Atlantic ,12,38,397.6,2024,30,24,189.0,91,11,14,208.6,111,44,416.7,105,18,183.5,92,25,233.2,61,7,7,0,94,79,6.58,70,51.58,54,30:23,,The American,3,9
58,UAB ,12,33,392.5,2024,95,9,130.9,33,16,24,261.6,94,52,393.3,125,31,212.9,17,18,180.3,128,5,9,-12,128,98,8.17,129,73.83,83,29:30,,The American,3,9
59,BYU ,13,41,392.3,2024,68,20,161.0,60,14,21,231.3,13,31,308.8,33,18,126.3,20,13,182.5,24,7,7,8,23,66,5.08,22,43.15,31,31:20,,Big 12,11,2
60,Oregon St. ,12,36,390.6,2024,29,29,189.2,94,11,7,201.4,98,44,399.9,107,26,185.8,55,15,214.1,92,7,5,-4,26,61,5.08,36,45.67,5,33:09,,FBS Independent,5,7
61,Washington ,13,36,390.5,2024,100,14,128.8,32,8,22,261.7,28,38,328.4,87,20,161.8,2,16,166.5,52,6,4,2,68,76,5.85,72,51.77,60,30:17,,Big Ten,6,7
62,Tulsa ,12,34,389.7,2024,80,11,151.1,52,12,23,238.6,131,70,496.8,103,27,180.8,133,38,316.0,105,7,10,-6,70,71,5.92,67,51.00,77,29:44,,The American,3,9
63,Missouri ,13,40,389.5,2024,64,26,164.5,71,5,14,225.1,17,32,317.5,45,15,136.2,18,14,181.3,24,10,4,8,57,73,5.62,63,50.62,7,32:54,,SEC,10,3
64,Georgia St. ,12,34,389.0,2024,92,13,133.3,38,13,21,255.8,113,52,418.7,122,28,210.3,48,22,208.3,78,8,6,-2,26,61,5.08,54,49.08,70,29:58,,Sun Belt,3,9
65,Colorado St. ,13,36,387.6,2024,53,20,168.2,78,10,16,219.5,96,43,394.5,82,21,159.8,95,20,234.7,55,11,10,1,91,84,6.46,69,51.46,33,31:16,,Mountain West,8,5
66,Florida ,13,44,386.9,2024,67,26,161.2,69,14,18,225.7,76,37,376.9,66,17,149.5,83,18,227.5,35,11,5,6,72,77,5.92,82,54.00,104,28:34,,SEC,8,5
67,Maryland ,12,36,386.1,2024,115,15,110.4,17,14,21,275.7,80,44,378.1,46,19,136.8,105,22,241.3,86,8,6,-3,88,77,6.42,95,58.58,68,30:06,,Big Ten,4,8
68,Arkansas St. ,13,37,384.4,2024,74,18,156.9,67,10,19,227.5,128,55,461.8,124,32,211.7,112,23,250.1,52,6,8,2,57,73,5.62,71,51.69,93,29:03,,Sun Belt,8,5
69,Colorado ,13,52,383.2,2024,133,15,65.2,6,10,37,318.0,50,36,351.9,71,17,151.4,40,16,200.5,8,12,5,12,121,100,7.69,120,67.85,114,27:51,,Big 12,9,4
70,Marshall ,13,48,382.8,2024,18,21,201.7,115,4,27,181.1,79,37,378.1,101,21,179.0,37,15,199.1,13,7,6,10,42,70,5.38,27,43.54,109,28:19,,Sun Belt,10,3
71,Rutgers ,13,46,382.7,2024,45,28,175.3,92,7,18,207.4,95,44,393.8,89,26,162.8,87,18,231.1,44,5,2,4,5,52,4.00,5,34.15,25,31:45,,Big Ten,7,6
72,NIU ,13,38,382.2,2024,16,22,203.8,118,8,16,178.5,4,27,284.6,17,10,112.2,5,15,172.5,81,5,9,-3,9,55,4.23,20,42.77,3,33:21,,MAC,8,5
73,Army West Point ,14,58,381.1,2024,1,48,300.5,133,4,10,80.6,8,28,297.9,16,12,112.0,25,16,185.9,12,2,5,11,3,45,3.21,4,31.50,1,34:39,,The American,12,2
74,California ,13,33,380.2,2024,103,17,121.5,37,7,16,258.6,36,37,337.5,14,19,109.8,84,17,227.6,11,5,4,11,116,96,7.38,99,59.69,52,30:30,,ACC,6,7
75,Eastern Mich. ,12,34,377.8,2024,84,17,141.8,57,10,17,236.0,83,43,383.8,90,19,162.8,70,22,220.9,78,10,7,-2,88,77,6.42,108,62.00,37,31:07,,MAC,5,7
76,NC State ,13,42,377.8,2024,83,21,145.2,58,13,21,232.6,88,47,390.8,79,25,157.0,93,19,233.8,81,10,10,-3,23,66,5.08,44,47.77,24,31:45,,ACC,6,7
77,Bowling Green ,13,40,377.4,2024,89,20,136.8,48,6,20,240.6,32,33,331.3,61,14,145.9,24,17,185.4,47,2,5,3,35,69,5.31,38,45.77,21,31:52,,MAC,7,6
78,Mississippi St. ,12,38,377.2,2024,87,19,137.9,50,8,19,239.3,125,49,456.4,129,24,216.9,104,23,239.5,105,5,10,-6,101,82,6.83,101,60.25,131,25:41,,SEC,2,10
79,Nevada ,13,40,376.1,2024,66,21,163.5,84,8,19,212.6,90,46,391.5,113,31,192.8,36,13,198.6,73,2,7,-2,119,99,7.62,126,71.92,43,30:52,,Mountain West,3,10
80,Oklahoma St. ,12,40,374.0,2024,114,19,111.8,30,17,21,262.3,132,56,500.6,128,28,215.0,131,26,285.6,114,3,6,-8,22,60,5.00,26,43.42,123,27:03,,Big 12,3,9
81,Coastal Carolina ,13,41,373.7,2024,49,21,172.5,95,11,20,201.2,106,49,413.8,108,22,186.1,85,24,227.8,40,11,6,5,103,90,6.92,112,63.77,100,28:49,,Sun Belt,6,7
82,Western Ky. ,14,42,373.5,2024,117,14,108.9,25,12,28,264.6,97,45,397.3,130,26,221.2,9,18,176.1,91,10,12,-4,7,58,4.14,17,41.29,115,27:50,,CUSA,8,6
83,Navy ,13,53,371.3,2024,6,38,247.5,131,6,15,123.8,65,37,368.9,78,17,156.1,51,19,212.8,13,7,8,10,23,66,5.08,30,45.00,67,30:06,,The American,10,3
84,Wake Forest ,12,35,370.7,2024,97,18,130.6,49,13,17,240.1,117,47,435.0,80,20,157.2,126,23,277.8,92,6,8,-4,26,61,5.08,39,45.92,99,28:51,,ACC,4,8
85,Western Mich. ,13,46,370.0,2024,37,28,183.0,109,9,18,187.0,109,52,415.1,112,28,192.5,72,20,222.6,24,13,4,8,8,54,4.15,13,39.15,80,29:34,,MAC,6,7
86,Toledo ,13,41,369.9,2024,108,13,115.7,40,8,28,254.2,54,33,358.6,70,16,150.7,47,16,207.9,55,7,11,1,87,83,6.38,88,56.85,126,26:56,,MAC,8,5
87,Troy ,12,38,369.2,2024,75,17,156.2,83,9,21,213.0,62,39,366.9,59,24,145.3,71,13,221.6,109,3,7,-7,96,80,6.67,96,58.83,59,30:17,,Sun Belt,4,8
88,Virginia Tech ,13,43,367.8,2024,43,28,178.4,108,9,15,189.4,57,37,363.0,63,17,147.1,61,20,215.9,24,10,8,8,63,74,5.69,52,48.85,89,29:12,,ACC,6,7
89,Hawaii ,12,32,365.8,2024,124,7,97.7,23,15,25,268.2,75,39,376.9,92,20,165.7,49,18,211.3,114,5,4,-8,124,96,8.00,123,70.33,57,30:21,,Mountain West,5,7
90,Boston College ,13,48,365.4,2024,60,24,166.1,99,7,24,199.3,55,35,360.7,22,16,114.9,109,17,245.8,17,8,9,9,11,58,4.46,21,43.08,26,31:43,,ACC,7,6
90,Ga. Southern ,13,45,365.4,2024,101,24,127.6,53,11,21,237.8,115,46,428.6,95,23,170.0,119,21,258.6,81,6,11,-3,57,73,5.62,49,48.31,51,30:30,,Sun Belt,8,5
92,Illinois ,13,44,364.8,2024,79,22,153.6,86,6,22,211.2,68,33,373.2,65,12,148.4,78,19,224.8,35,8,8,6,31,68,5.23,15,40.15,92,29:04,,Big Ten,10,3
93,Virginia ,12,30,360.9,2024,94,14,131.9,64,14,16,229.0,101,41,408.3,58,20,145.3,120,20,263.1,92,6,5,-4,30,62,5.17,32,45.33,73,29:54,,ACC,5,7
94,Nebraska ,13,35,359.0,2024,96,22,130.6,65,12,13,228.4,18,32,317.9,8,8,101.2,65,23,216.7,73,6,7,-2,81,81,6.23,78,53.15,14,32:07,,Big Ten,7,6
95,Buffalo ,13,43,355.4,2024,52,24,169.1,110,6,19,186.3,91,43,391.8,62,17,146.6,108,25,245.2,17,9,7,9,11,58,4.46,25,43.38,97,28:53,,MAC,9,4
96,Arizona ,12,29,354.5,2024,119,11,106.6,42,13,18,247.9,105,49,413.0,98,25,174.0,102,22,239.0,92,8,7,-4,92,78,6.50,91,57.58,76,29:45,,Big 12,4,8
97,Rice ,12,31,352.9,2024,113,14,113.9,51,13,17,239.0,35,39,334.4,84,17,160.6,8,18,173.8,125,4,9,-10,109,85,7.08,90,57.42,102,28:42,,The American,4,8
98,Miami (OH) ,14,37,352.7,2024,91,14,135.3,80,12,23,217.4,33,31,331.4,47,20,137.1,34,10,194.3,42,10,6,5,33,74,5.29,19,41.79,95,28:58,,MAC,9,5
99,Wisconsin ,12,33,350.3,2024,78,19,153.7,102,10,14,196.7,41,34,342.7,91,20,165.0,14,12,177.7,105,8,8,-6,32,63,5.25,8,37.50,86,29:21,,Big Ten,5,7
100,Middle Tenn. ,12,26,350.1,2024,129,10,89.0,36,10,16,261.1,121,54,449.2,116,26,197.0,115,27,252.2,119,5,9,-9,115,88,7.33,106,61.33,61,30:13,,CUSA,3,9
101,FIU ,12,40,350.0,2024,105,16,120.6,63,11,24,229.4,67,37,370.9,110,28,191.3,16,9,179.6,86,5,8,-3,49,66,5.50,42,47.42,101,28:43,,CUSA,4,8
102,Sam Houston ,13,36,347.9,2024,41,21,179.8,122,9,15,168.2,22,33,321.5,57,17,144.5,13,14,177.0,8,11,6,12,15,60,4.62,10,37.92,13,32:12,,CUSA,10,3
103,Ball St. ,12,36,347.8,2024,120,10,102.8,43,11,26,245.0,124,63,454.9,100,24,175.3,129,37,279.6,51,8,3,2,19,59,4.92,32,45.33,41,30:58,,MAC,3,9
104,Massachusetts ,12,32,345.3,2024,65,18,163.5,114,6,14,181.8,70,55,374.5,118,32,197.9,12,19,176.6,68,3,4,-1,112,87,7.25,109,63.17,11,32:20,,FBS Independent,2,10
105,Charlotte ,12,32,341.2,2024,106,16,117.1,73,14,16,224.1,116,54,433.2,122,29,210.3,74,18,222.8,119,2,7,-9,122,93,7.75,115,65.33,103,28:37,,The American,5,7
106,Fresno St. ,13,41,340.6,2024,123,21,98.2,46,14,20,242.5,52,39,355.6,50,14,139.4,62,21,216.2,47,5,3,3,77,80,6.15,87,54.69,116,27:30,,Mountain West,6,7
107,Minnesota ,13,38,337.8,2024,109,18,115.6,76,6,20,222.2,5,25,285.7,12,14,109.6,10,11,176.1,17,4,6,9,18,63,4.85,9,37.54,19,31:57,,Big Ten,8,5
108,Duke ,13,41,336.8,2024,127,13,92.5,44,13,28,244.3,58,37,363.1,68,15,149.6,53,19,213.5,24,14,6,8,29,67,5.15,61,50.08,117,27:24,,ACC,9,4
109,San Diego St. ,12,28,334.6,2024,99,13,128.9,93,8,15,205.7,114,47,421.3,121,25,207.3,55,21,214.1,46,5,1,3,132,109,9.08,133,81.75,122,27:08,,Mountain West,3,9
110,Michigan St. ,12,24,333.4,2024,110,11,115.3,79,12,13,218.1,34,39,332.0,32,19,125.1,46,20,206.9,114,2,7,-8,96,80,6.67,110,63.33,49,30:35,,Big Ten,5,7
111,Louisiana Tech ,13,32,332.9,2024,116,14,109.2,74,8,18,223.7,12,34,308.4,43,21,135.5,6,11,172.8,99,12,14,-5,35,69,5.31,63,50.62,30,31:21,,CUSA,5,8
112,Akron ,12,27,332.8,2024,121,11,100.3,59,10,16,232.4,108,50,414.4,104,23,183.3,88,24,231.1,125,7,10,-10,85,76,6.33,50,48.67,106,28:32,,MAC,4,8
113,Oklahoma ,13,33,331.0,2024,76,17,155.2,119,6,16,175.8,19,33,318.2,24,11,115.1,43,17,203.2,61,12,15,0,35,69,5.31,34,45.46,94,28:59,,SEC,6,7
114,Kentucky ,12,26,330.4,2024,81,11,145.6,112,17,15,184.8,44,32,345.5,86,20,161.8,21,9,183.7,109,6,6,-7,83,75,6.25,76,52.08,82,29:31,,SEC,4,8
115,Utah ,12,27,329.8,2024,98,7,130.4,98,17,20,199.4,29,30,329.7,35,13,129.4,39,15,200.3,92,6,5,-4,44,65,5.42,41,46.25,15,32:06,,Big 12,5,7
116,Central Mich. ,12,28,329.5,2024,59,17,166.1,124,12,11,163.4,59,40,363.6,93,20,169.8,32,17,193.8,132,3,10,-17,99,81,6.75,104,60.92,85,29:25,,MAC,4,8
117,Iowa ,13,40,328.8,2024,24,30,197.2,129,8,10,131.6,20,27,318.4,25,4,115.3,42,20,203.1,8,8,4,12,1,41,3.15,3,29.85,88,29:18,,Big Ten,8,5
118,UCLA ,12,21,328.8,2024,131,4,86.6,47,11,17,242.2,39,36,340.8,6,17,96.2,107,19,244.7,92,3,6,-4,128,98,8.17,121,68.92,36,31:08,,Big Ten,5,7
119,Wyoming ,12,25,327.3,2024,88,14,137.8,107,11,11,189.4,103,41,410.6,111,21,191.7,68,16,218.9,101,5,5,-5,49,66,5.50,59,49.83,42,30:52,,Mountain West,3,9
120,Stanford ,12,29,323.9,2024,93,11,132.7,105,17,18,191.3,107,52,414.1,41,21,133.5,130,31,280.6,101,8,5,-5,44,65,5.42,53,49.00,29,31:38,,ACC,3,9
121,New Mexico St. ,12,28,323.2,2024,40,16,180.0,127,12,12,143.2,120,54,446.8,114,29,195.3,114,21,251.6,129,1,11,-13,44,65,5.42,47,48.08,87,29:20,,CUSA,3,9
122,UTEP ,12,24,320.8,2024,104,9,120.8,96,12,15,200.0,99,49,402.5,102,25,179.3,75,23,223.2,68,7,7,-1,62,68,5.67,66,50.92,113,27:53,,CUSA,3,9
123,Vanderbilt ,13,39,318.4,2024,86,18,139.8,117,4,21,178.6,74,37,376.5,52,13,140.8,97,24,235.7,17,6,3,9,57,73,5.62,84,54.38,39,31:03,,SEC,7,6
124,Air Force ,12,29,313.8,2024,10,24,224.0,132,10,5,89.8,40,36,341.9,74,23,153.4,27,12,188.5,86,8,5,-3,2,38,3.17,2,28.83,2,33:50,,Mountain West,5,7
125,Temple ,12,26,308.8,2024,126,10,92.8,82,14,16,216.0,112,55,417.8,131,30,226.1,30,20,191.7,125,6,11,-10,55,67,5.58,31,45.08,63,30:12,,The American,3,9
126,ULM ,12,28,304.4,2024,51,17,169.7,128,12,11,134.8,84,43,384.0,120,27,200.1,22,15,183.9,68,8,3,-1,70,71,5.92,23,43.25,46,30:47,,Sun Belt,5,7
127,Purdue ,12,22,299.3,2024,110,9,115.3,113,9,13,183.9,123,64,452.7,119,33,200.0,116,27,252.7,130,1,10,-14,49,66,5.50,74,51.83,127,26:51,,Big Ten,1,11
128,Houston ,12,18,288.1,2024,90,9,135.4,126,17,9,152.7,25,34,324.8,44,14,135.9,28,18,188.8,114,7,10,-8,49,66,5.50,75,51.92,72,29:55,,Big 12,4,8
129,Michigan ,13,30,286.2,2024,73,18,157.2,130,13,12,129.1,10,29,307.0,5,10,90.7,63,19,216.3,73,6,7,-2,5,52,4.00,14,39.54,20,31:54,,Big Ten,8,5
130,Northwestern ,12,19,284.4,2024,122,12,98.5,111,11,7,185.9,56,38,361.8,37,22,129.9,89,15,231.8,78,6,7,-2,16,57,4.75,11,38.25,81,29:33,,Big Ten,4,8
131,Southern Miss. ,12,20,283.5,2024,118,13,108.6,120,17,7,174.9,121,58,449.2,132,31,232.7,64,24,216.5,133,4,12,-19,74,72,6.00,48,48.25,118,27:23,,Sun Belt,1,11
132,Florida St. ,12,19,270.3,2024,128,8,89.9,116,13,11,180.3,86,40,385.9,106,21,184.7,41,16,201.3,131,2,9,-16,55,67,5.58,45,47.92,121,27:11,,ACC,2,10
133,Kent St. ,12,21,233.3,2024,132,3,76.9,125,13,18,156.3,133,66,516.0,133,36,264.9,113,27,251.1,119,7,7,-9,19,59,4.92,7,35.75,124,27:00,,MAC,0,12
1,LSU ,13,78,543.5,2023,10,34,204.5,3,5,44,338.9,105,47,416.6,85,24,161.0,115,23,255.6,23,4,3,6,71,79,6.08,67,51.69,94,28:51,,SEC,10,3
2,Oregon ,14,82,531.4,2023,29,33,184.5,1,5,49,346.9,22,27,318.4,10,10,102.6,54,16,215.9,9,6,2,11,98,93,6.64,106,60.57,41,31:03,,Pac-12,12,2
3,Oklahoma ,13,66,507.0,2023,34,32,182.2,6,9,34,324.8,77,35,389.4,42,14,138.6,109,18,250.8,23,6,11,6,104,88,6.77,97,58.46,89,29:04,,Big 12,10,3
4,Liberty ,14,71,499.1,2023,1,39,293.3,88,6,32,205.9,58,45,372.6,24,13,116.7,116,31,255.9,21,4,12,7,84,88,6.29,117,62.50,8,33:04,,CUSA,13,1
5,Georgia ,14,69,496.5,2023,20,40,191.2,11,7,29,305.3,9,26,289.1,18,13,113.6,9,13,175.4,43,3,7,3,12,62,4.43,29,43.29,2,33:28,,SEC,13,1
6,North Texas ,12,52,495.8,2023,21,19,191.2,12,9,33,304.7,130,60,476.4,130,37,255.2,63,22,221.3,101,4,10,-5,20,57,4.75,46,46.58,82,29:12,,AAC,5,7
7,North Carolina ,13,54,491.2,2023,19,28,192.1,14,11,26,299.2,94,43,404.4,90,21,163.2,94,20,241.2,30,10,6,5,114,93,7.15,121,66.31,102,28:37,,ACC,8,5
8,UCF ,13,52,487.0,2023,4,28,228.2,41,11,24,258.8,81,40,391.0,122,26,194.3,25,12,196.7,78,4,7,-2,71,79,6.08,60,50.08,93,28:53,,Big 12,6,7
9,Texas ,14,54,477.5,2023,24,29,188.4,17,9,25,289.1,34,30,336.7,3,9,82.4,113,21,254.4,29,8,9,6,95,92,6.57,70,52.21,36,31:13,,Big 12,12,2
10,Southern California ,13,70,467.6,2023,91,33,134.6,5,6,37,333.0,116,59,432.8,116,25,186.5,101,31,246.4,71,9,11,-1,124,98,7.54,123,68.38,117,27:40,,Pac-12,8,5
11,TCU ,12,46,466.7,2023,70,19,154.5,7,15,27,312.2,100,39,408.3,75,21,154.7,110,16,253.7,117,4,4,-7,79,74,6.17,73,53.58,122,27:20,,Big 12,5,7
12,Washington ,15,66,462.1,2023,104,28,118.4,2,12,38,343.7,96,48,406.7,58,25,148.1,117,23,258.6,66,4,8,0,123,112,7.47,124,68.60,63,30:08,,Pac-12,14,1
13,Ole Miss ,13,55,461.9,2023,39,29,176.3,19,6,26,285.6,68,37,382.2,71,19,152.8,75,17,229.5,5,5,1,11,118,94,7.23,100,59.08,116,27:44,,SEC,11,2
14,Memphis ,13,64,458.5,2023,75,31,152.0,10,10,33,306.5,111,48,423.2,77,21,155.2,121,25,268.0,30,9,5,5,9,53,4.08,17,41.23,39,31:08,,AAC,10,3
15,Texas St. ,13,57,457.6,2023,26,33,186.7,28,9,24,270.9,91,56,397.6,69,26,151.3,100,24,246.3,71,11,14,-1,119,95,7.31,125,69.23,83,29:11,,Sun Belt,8,5
16,SMU ,14,62,454.3,2023,40,29,175.9,22,8,33,278.4,12,32,304.1,28,14,121.9,13,17,182.2,43,5,6,3,18,65,4.64,16,41.21,64,30:06,,AAC,11,3
17,South Fla. ,13,50,451.6,2023,32,23,182.8,31,11,27,268.8,115,57,432.5,47,26,143.7,129,29,288.8,38,10,10,3,121,97,7.46,120,65.54,103,28:34,,AAC,7,6
18,UAB ,12,46,450.0,2023,60,24,161.1,18,13,22,288.9,118,57,435.0,123,31,197.1,88,24,237.9,54,11,7,1,100,80,6.67,82,56.25,84,29:10,,AAC,4,8
19,Tennessee ,13,45,448.1,2023,9,23,204.8,50,5,22,243.2,32,30,335.2,19,13,113.7,64,15,221.5,23,6,7,6,126,101,7.77,122,67.92,130,24:35,,SEC,9,4
20,Arizona ,13,53,448.0,2023,85,17,139.7,8,11,36,308.3,48,34,357.9,25,19,118.2,90,15,239.7,30,10,3,5,85,82,6.31,72,53.00,51,30:35,,Pac-12,10,3
21,Kansas ,13,56,446.1,2023,8,32,206.0,54,11,24,240.1,62,42,378.2,88,26,161.5,56,16,216.7,61,4,6,1,48,73,5.62,89,56.92,48,30:39,,Big 12,9,4
22,App State ,14,57,445.6,2023,49,23,172.0,27,10,34,273.6,63,48,378.7,110,28,178.4,29,15,200.3,43,10,12,3,15,63,4.50,19,41.57,50,30:35,,Sun Belt,9,5
23,Kansas St. ,13,62,445.2,2023,11,32,204.1,53,10,30,241.2,57,32,372.5,54,15,147.5,68,16,225.1,5,10,2,11,23,63,4.85,31,43.69,25,31:41,,Big 12,9,4
24,South Alabama ,13,56,440.2,2023,49,28,172.0,32,11,28,268.2,15,34,313.2,19,11,113.7,28,19,199.5,47,9,9,2,104,88,6.77,99,58.85,52,30:32,,Sun Belt,7,6
25,Utah St. ,13,53,438.6,2023,30,18,184.4,43,19,35,254.2,117,59,433.1,126,31,213.5,60,27,219.6,99,10,6,-5,121,97,7.46,127,70.85,127,26:51,,Mountain West,6,7
26,Boise St. ,14,54,436.1,2023,6,34,214.9,65,13,20,221.3,71,45,385.1,38,23,134.8,107,19,250.4,86,8,9,-3,6,52,3.71,6,32.00,35,31:14,,Mountain West,8,6
27,West Virginia ,13,50,434.6,2023,3,32,228.9,89,7,18,205.7,66,44,380.8,46,15,143.4,85,26,237.4,47,5,7,2,34,67,5.15,45,46.38,9,32:41,,Big 12,9,4
28,Missouri ,13,48,434.3,2023,47,25,172.5,37,7,23,261.8,33,31,335.5,30,8,122.2,47,22,213.2,10,10,2,10,114,93,7.15,75,54.54,56,30:25,,SEC,11,2
29,Notre Dame ,13,59,432.2,2023,27,28,185.7,48,9,31,246.5,5,23,276.3,26,14,119.0,3,8,157.3,20,8,8,7,38,69,5.31,49,47.92,49,30:36,,FBS Independent,10,3
30,Oklahoma St. ,14,47,431.8,2023,67,29,155.3,25,16,18,276.5,122,52,441.8,96,23,166.8,123,27,275.0,53,10,5,2,28,70,5.00,18,41.36,68,29:43,,Big 12,10,4
31,Miami (FL) ,13,47,431.2,2023,44,24,173.2,42,14,23,258.0,24,35,321.6,11,18,105.6,55,16,216.0,95,6,8,-4,71,79,6.08,92,57.77,26,31:39,,ACC,7,6
32,UCLA ,13,45,427.1,2023,16,21,197.9,59,14,24,229.2,10,25,301.5,2,5,80.8,61,16,220.8,47,9,8,2,112,92,7.08,94,58.08,91,29:01,,Pac-12,8,5
33,Cincinnati ,12,35,426.1,2023,5,14,217.1,87,11,21,209.0,93,46,402.8,108,24,176.9,69,20,225.8,96,5,6,-4,56,68,5.67,71,52.58,19,31:58,,Big 12,3,9
34,Georgia Tech ,13,51,424.6,2023,12,24,203.8,66,17,27,220.8,120,49,437.1,128,28,221.3,53,18,215.8,37,11,4,4,34,67,5.15,36,44.77,100,28:38,,ACC,7,6
35,Washington St. ,12,44,421.7,2023,126,17,84.8,4,9,27,336.8,78,43,389.4,67,26,150.8,89,14,238.6,111,7,12,-6,76,73,6.08,58,49.67,70,29:40,,Pac-12,5,7
36,UTSA ,13,52,421.6,2023,51,27,171.8,47,14,25,249.8,55,37,369.1,40,16,135.5,79,19,233.6,99,7,8,-5,48,73,5.62,65,51.23,62,30:08,,AAC,9,4
37,Ga. Southern ,13,42,419.5,2023,106,16,117.2,13,20,26,302.2,88,51,395.9,86,30,161.4,80,20,234.5,124,8,11,-10,66,76,5.85,68,51.77,40,31:08,,Sun Belt,6,7
38,Troy ,14,48,419.4,2023,73,19,153.4,33,6,29,266.0,14,27,308.1,12,13,106.6,30,13,201.5,34,13,12,5,37,73,5.21,47,46.79,44,30:50,,Sun Belt,11,3
39,Toledo ,14,57,419.2,2023,15,31,198.6,67,10,26,220.6,27,33,331.8,61,18,148.8,16,12,183.0,86,7,11,-3,98,93,6.64,113,61.79,120,27:37,,MAC,11,3
40,Coastal Carolina ,13,41,416.2,2023,69,17,154.6,38,9,24,261.6,64,38,379.5,97,15,167.8,44,21,211.8,23,9,8,6,48,73,5.62,91,57.62,22,31:50,,Sun Belt,8,5
41,Louisville ,14,53,415.1,2023,37,31,178.5,56,12,22,236.6,21,38,317.1,9,13,99.8,57,22,217.3,65,7,7,1,46,78,5.57,54,48.64,17,32:13,,ACC,10,4
42,UNLV ,14,56,412.7,2023,43,39,173.5,55,12,17,239.2,103,50,415.5,89,23,161.8,111,26,253.7,17,10,7,8,107,96,6.86,113,61.79,114,28:02,,Mountain West,9,5
43,New Mexico St. ,15,50,412.4,2023,14,22,198.7,80,10,28,213.7,83,42,392.4,48,22,143.7,104,19,248.7,77,6,5,-2,92,97,6.47,111,61.20,34,31:15,,CUSA,10,5
44,New Mexico ,12,43,410.6,2023,18,26,192.7,72,10,17,217.9,99,51,408.2,103,25,172.2,83,24,236.0,117,4,5,-7,130,119,9.92,130,89.67,11,32:32,,Mountain West,4,8
45,Oregon St. ,13,52,409.2,2023,57,26,167.1,51,8,26,242.2,39,37,350.1,21,14,114.2,82,23,235.8,23,7,5,6,48,73,5.62,61,50.38,47,30:43,,Pac-12,8,5
46,Florida ,12,41,409.1,2023,77,21,149.8,40,5,20,259.3,69,40,382.3,79,21,155.6,70,18,226.7,101,4,7,-5,96,79,6.58,57,49.58,7,33:06,,SEC,5,7
47,Ohio St. ,13,46,407.9,2023,87,20,138.8,30,7,26,269.1,3,15,265.4,27,6,119.5,1,9,145.9,78,4,6,-2,60,74,5.69,35,44.54,78,29:25,,Big Ten,11,2
48,Texas A&M ,13,47,406.9,2023,90,23,136.2,29,10,24,270.8,19,34,316.2,13,9,108.8,37,19,207.4,78,4,5,-2,68,77,5.92,41,45.46,30,31:24,,SEC,7,6
49,San Jose St. ,13,52,403.5,2023,31,31,184.1,70,4,21,219.5,42,44,353.2,99,23,170.2,16,19,183.0,5,9,6,11,60,74,5.69,55,49.08,53,30:30,,Mountain West,7,6
50,Clemson ,13,44,402.7,2023,42,24,174.3,60,9,20,228.4,8,34,287.8,22,17,114.6,8,13,173.2,23,12,13,6,27,64,4.92,23,42.62,5,33:19,,ACC,9,4
51,Western Ky. ,13,50,401.8,2023,117,12,105.4,15,14,38,296.4,108,49,419.7,120,24,190.0,76,20,229.7,38,11,9,3,17,59,4.54,11,36.77,81,29:16,,CUSA,8,5
52,Florida St. ,14,57,401.6,2023,76,32,150.2,45,4,25,251.4,28,32,331.9,70,17,152.2,11,12,179.7,17,7,5,8,70,85,6.07,87,56.57,79,29:24,,ACC,13,1
53,Penn St. ,13,56,399.8,2023,28,26,184.8,77,2,30,215.0,2,20,247.6,1,10,75.5,7,10,172.1,2,12,6,16,28,65,5.00,30,43.31,12,32:32,,Big Ten,10,3
54,Colorado St. ,12,34,398.7,2023,123,10,92.2,9,18,24,306.5,104,41,415.9,95,18,166.3,106,20,249.7,101,11,7,-5,125,92,7.67,126,69.83,123,27:13,,Mountain West,5,7
55,Georgia St. ,13,45,393.3,2023,25,25,188.1,91,7,20,205.2,113,51,425.3,50,18,145.8,125,30,279.5,47,6,8,2,88,83,6.38,90,57.54,72,29:36,,Sun Belt,7,6
56,Alabama ,14,55,393.1,2023,46,32,172.6,68,6,23,220.4,18,32,316.0,31,15,124.9,24,17,191.1,17,7,5,8,46,78,5.57,47,46.79,46,30:44,,SEC,12,2
57,Louisiana ,13,48,392.4,2023,41,25,175.7,74,9,23,216.7,73,48,385.8,100,24,170.8,51,22,215.0,61,9,12,1,71,79,6.08,53,48.62,87,29:06,,Sun Belt,6,7
58,Virginia Tech ,13,43,391.5,2023,22,20,189.8,95,5,23,201.7,20,40,316.8,57,21,148.0,4,16,168.8,61,9,10,1,85,82,6.31,93,57.85,38,31:10,,ACC,7,6
59,Middle Tenn. ,12,36,391.1,2023,97,13,125.1,33,13,23,266.0,86,43,395.6,52,20,146.1,105,19,249.5,101,8,8,-5,102,81,6.75,82,56.25,106,28:32,,CUSA,4,8
60,Illinois ,12,35,391.0,2023,96,12,126.4,35,13,23,264.6,61,43,377.3,63,19,149.2,71,22,228.1,119,8,10,-8,96,79,6.58,116,62.42,107,28:25,,Big Ten,5,7
61,California ,13,48,390.9,2023,45,26,172.8,71,16,22,218.2,102,55,414.1,35,23,133.4,128,30,280.7,71,15,12,-1,48,73,5.62,40,45.23,99,28:40,,Pac-12,6,7
62,Fresno St. ,13,45,387.8,2023,116,16,105.5,20,12,29,282.2,56,37,370.8,94,16,166.2,35,19,204.7,13,6,2,9,13,58,4.46,15,40.15,75,29:28,,Mountain West,9,4
63,Maryland ,13,47,387.3,2023,114,20,108.4,21,13,27,278.9,30,34,334.1,32,14,125.5,38,17,208.6,38,7,8,3,45,72,5.54,86,56.54,112,28:12,,Big Ten,8,5
64,Texas Tech ,13,41,386.7,2023,59,17,162.7,63,18,24,224.0,79,39,389.5,84,19,160.4,74,16,229.2,110,4,5,-6,43,71,5.46,59,49.92,104,28:33,,Big 12,7,6
65,Tulsa ,12,33,385.4,2023,35,13,180.8,92,19,20,204.7,125,52,444.7,92,24,164.8,127,24,279.8,90,11,5,-3,32,61,5.08,28,43.25,69,29:40,,AAC,4,8
66,Louisiana Tech ,12,36,384.7,2023,99,20,123.8,39,11,16,260.9,107,53,418.2,129,32,232.8,19,18,185.3,121,4,7,-9,106,82,6.83,115,62.33,67,29:45,,CUSA,3,9
67,Michigan ,15,64,382.7,2023,54,40,169.1,81,5,24,213.7,1,17,247.0,5,9,90.0,2,8,157.0,1,9,3,19,1,45,3.00,3,27.47,16,32:14,,Big Ten,15,0
68,Boston College ,13,40,381.2,2023,13,25,198.8,108,14,15,182.5,70,49,385.1,118,30,187.9,26,19,197.2,78,9,5,-2,94,85,6.54,78,55.15,37,31:11,,ACC,7,6
69,Wisconsin ,13,36,381.2,2023,61,22,161.0,69,5,14,220.2,38,33,344.0,39,13,135.1,39,19,208.9,66,4,12,0,48,73,5.62,50,48.08,80,29:17,,Big Ten,7,6
70,Purdue ,12,35,380.3,2023,53,20,169.1,84,10,15,211.2,67,45,382.1,43,22,140.6,95,21,241.5,66,8,8,0,69,72,6.00,84,56.33,55,30:26,,Big Ten,4,8
71,Baylor ,12,28,377.8,2023,109,13,114.8,36,7,15,263.0,110,52,421.3,115,27,184.9,84,22,236.4,54,9,8,1,10,49,4.08,4,28.92,24,31:42,,Big 12,3,9
72,Arkansas St. ,13,37,373.6,2023,78,20,147.6,62,9,17,226.0,124,49,443.6,113,22,184.2,119,25,259.4,38,8,4,3,77,80,6.15,108,60.92,128,26:17,,Sun Belt,6,7
73,Temple ,12,32,372.3,2023,121,9,95.7,24,16,23,276.7,121,54,441.6,124,25,198.3,97,27,243.3,130,2,9,-20,15,54,4.50,9,36.67,108,28:22,,AAC,3,9
74,Tulane ,14,41,370.1,2023,68,16,155.1,77,7,25,215.0,36,33,341.3,16,14,112.7,72,18,228.6,21,10,13,7,21,67,4.79,26,42.86,31,31:21,,AAC,11,3
75,NIU ,13,38,369.4,2023,36,23,179.6,103,9,15,189.8,23,33,319.5,60,20,148.4,6,13,171.2,88,5,9,-3,13,58,4.46,14,39.77,27,31:34,,MAC,7,6
76,Virginia ,12,31,368.8,2023,105,12,117.9,46,14,19,250.8,101,51,409.3,114,27,184.5,66,19,224.8,111,6,6,-6,93,78,6.50,79,55.25,29,31:25,,ACC,3,9
77,Air Force ,13,43,366.5,2023,2,36,281.5,130,6,7,85.0,6,30,277.7,6,11,90.8,20,18,186.8,88,4,11,-3,1,39,3.00,1,24.77,3,33:27,,Mountain West,9,4
78,Western Mich. ,12,34,365.0,2023,72,21,153.8,84,9,13,211.2,84,48,393.3,82,22,158.8,81,23,234.6,35,8,4,4,116,86,7.17,118,62.67,65,30:00,,MAC,4,8
79,Iowa St. ,13,39,364.9,2023,101,16,119.9,49,8,23,245.0,50,36,363.2,37,12,134.2,73,21,228.9,16,3,3,8,23,63,4.85,32,43.77,85,29:09,,Big 12,7,6
80,Colorado ,12,41,363.6,2023,130,12,68.9,16,4,29,294.7,127,56,453.3,107,24,176.4,124,28,276.9,12,10,7,9,129,107,8.92,129,71.17,121,27:33,,Pac-12,4,8
81,Rice ,13,50,362.9,2023,113,21,110.5,44,16,29,252.5,52,44,364.7,72,23,153.1,43,17,211.6,128,7,10,-14,60,74,5.69,52,48.31,18,32:06,,AAC,6,7
82,South Carolina ,12,38,362.4,2023,127,17,84.4,23,8,21,278.0,87,37,395.7,65,19,150.0,98,16,245.7,35,7,5,4,116,86,7.17,81,55.50,110,28:18,,SEC,5,7
83,UTEP ,12,29,362.0,2023,83,16,144.3,73,12,13,217.7,75,45,386.8,125,28,202.2,18,16,184.7,111,6,6,-6,110,84,7.00,104,60.08,28,31:26,,CUSA,3,9
84,Houston ,12,34,360.2,2023,102,10,118.7,52,13,24,241.5,112,50,423.9,98,27,168.6,114,21,255.3,74,5,2,-1,56,68,5.67,56,49.17,115,27:59,,Big 12,4,8
85,Marshall ,13,33,358.5,2023,93,21,132.3,61,18,12,226.2,60,45,376.5,78,20,155.5,62,23,221.0,126,5,11,-11,90,84,6.46,96,58.23,76,29:26,,Sun Belt,6,7
86,Massachusetts ,12,33,356.3,2023,84,19,142.2,79,11,14,214.1,114,61,427.0,127,30,220.8,36,24,206.2,74,8,6,-1,128,96,8.00,128,70.92,73,29:33,,FBS Independent,3,9
87,Southern Miss. ,12,31,353.4,2023,58,16,162.8,101,8,15,190.7,109,56,420.8,111,28,178.8,96,23,242.0,46,8,7,2,82,75,6.25,51,48.17,6,33:12,,Sun Belt,3,9
88,Hawaii ,13,33,352.5,2023,129,6,76.1,26,15,27,276.4,72,53,385.3,102,26,170.9,49,24,214.4,124,6,8,-10,77,80,6.15,85,56.38,71,29:38,,Mountain West,5,8
89,Stanford ,12,26,351.6,2023,103,15,118.6,57,10,11,233.0,129,63,461.7,91,29,163.7,130,32,298.0,90,3,4,-3,89,77,6.42,101,59.08,32,31:17,,Pac-12,3,9
90,Auburn ,13,40,351.2,2023,23,22,189.0,121,13,18,162.2,45,36,357.2,76,15,155.0,31,19,202.2,78,6,7,-2,43,71,5.46,33,43.85,86,29:09,,SEC,6,7
91,NC State ,13,38,350.4,2023,66,19,156.5,100,12,19,193.9,29,34,332.1,23,13,116.5,52,20,215.6,13,7,3,9,63,75,5.77,44,46.31,13,32:27,,ACC,9,4
92,Utah ,13,34,348.4,2023,33,19,182.5,117,11,15,165.8,13,32,307.2,4,13,82.8,65,17,224.4,47,7,2,2,28,65,5.00,21,41.62,1,34:04,,Pac-12,8,5
93,Old Dominion ,13,35,348.2,2023,74,15,153.4,99,11,20,194.8,82,43,392.2,44,13,141.7,108,28,250.5,38,10,7,3,90,84,6.46,110,61.08,129,24:49,,Sun Belt,6,7
94,Duke ,13,40,348.1,2023,56,26,167.2,110,8,14,180.8,41,27,352.7,45,15,141.9,41,11,210.8,66,5,7,0,48,73,5.62,37,44.85,92,29:00,,ACC,8,5
95,Ohio ,13,34,348.0,2023,82,18,144.4,93,9,16,203.6,4,24,273.9,7,9,91.2,14,14,182.8,10,8,4,10,48,73,5.62,68,51.77,4,33:25,,MAC,10,3
96,Central Mich. ,12,36,344.1,2023,62,21,159.4,107,11,15,184.7,98,47,407.1,83,24,159.8,102,20,247.3,119,3,5,-8,100,80,6.67,95,58.08,61,30:13,,MAC,5,7
97,Syracuse ,13,37,343.3,2023,48,20,172.3,114,15,17,171.0,65,39,380.5,59,16,148.2,78,21,232.4,78,13,9,-2,119,95,7.31,112,61.62,111,28:18,,ACC,6,7
98,Kentucky ,13,43,339.5,2023,95,18,127.8,83,12,25,211.6,43,39,353.5,17,19,113.1,92,20,240.5,78,7,8,-2,71,79,6.08,64,50.85,118,27:37,,SEC,7,6
99,Indiana ,12,31,332.8,2023,100,13,120.1,82,10,18,212.8,85,45,394.1,80,18,156.3,86,25,237.8,101,3,8,-5,41,65,5.42,62,50.58,77,29:26,,Big Ten,3,9
100,Fla. Atlantic ,12,35,330.8,2023,108,16,115.3,76,15,19,215.5,90,37,397.3,64,12,149.3,103,23,248.1,54,8,2,1,4,41,3.42,7,33.33,125,27:05,,AAC,4,8
101,Mississippi St. ,12,27,328.6,2023,79,12,146.8,109,10,15,181.8,40,39,350.6,51,14,145.9,34,21,204.7,85,5,4,-2,82,75,6.25,88,56.83,96,28:44,,SEC,5,7
102,Wake Forest ,12,27,327.8,2023,94,13,130.4,98,11,14,197.3,74,40,386.7,73,13,154.3,77,24,232.3,111,8,11,-6,10,49,4.08,12,38.83,88,29:05,,ACC,4,8
103,Wyoming ,13,39,327.0,2023,63,19,158.5,115,6,20,168.5,47,32,357.8,49,12,144.5,47,18,213.2,5,11,5,11,7,51,3.92,8,33.38,60,30:14,,Mountain West,9,4
104,UConn ,12,27,326.9,2023,89,15,136.6,102,7,12,190.3,95,46,406.5,55,22,147.7,118,19,258.8,96,7,10,-4,79,74,6.17,77,55.00,33,31:16,,FBS Independent,3,9
105,Arkansas ,12,31,326.5,2023,86,9,139.0,105,8,22,187.5,46,40,357.2,74,13,154.4,32,23,202.8,74,5,10,-1,87,76,6.33,80,55.42,45,30:44,,SEC,4,8
106,Bowling Green ,13,39,326.3,2023,88,22,137.5,104,14,17,188.8,25,40,326.1,53,16,146.2,12,21,179.8,13,11,5,9,109,90,6.92,108,60.92,54,30:27,,MAC,7,6
107,San Diego St. ,12,26,326.0,2023,71,16,154.3,113,10,10,171.8,97,38,406.9,93,21,165.8,93,16,241.2,54,6,7,1,25,59,4.92,34,44.00,10,32:40,,Mountain West,4,8
108,Miami (OH) ,14,39,323.5,2023,64,23,158.1,118,7,16,165.4,26,25,330.4,34,12,132.2,27,12,198.1,66,6,10,0,19,66,4.71,13,39.07,66,29:46,,MAC,11,3
109,Arizona St. ,12,25,322.3,2023,111,17,111.9,86,14,8,210.3,89,46,396.8,36,16,133.5,120,28,263.3,127,4,6,-11,56,68,5.67,66,51.42,58,30:17,,Pac-12,3,9
110,ULM ,12,22,320.9,2023,80,7,146.1,112,13,15,174.8,126,52,445.8,101,21,170.9,122,28,274.9,54,8,5,1,67,71,5.92,73,53.58,124,27:13,,Sun Belt,2,10
111,FIU ,12,29,319.6,2023,124,17,90.3,58,12,12,229.3,119,46,436.7,121,17,190.8,99,26,245.8,121,6,9,-9,64,70,5.83,62,50.58,126,27:05,,CUSA,4,8
112,Vanderbilt ,12,33,318.9,2023,122,10,95.3,64,12,23,223.7,128,54,454.9,104,23,175.3,126,26,279.6,90,4,7,-3,25,59,4.92,22,42.50,97,28:44,,SEC,2,10
113,Buffalo ,12,29,318.8,2023,92,15,133.6,106,11,14,185.2,53,40,367.1,112,19,179.9,21,18,187.2,54,8,7,1,22,58,4.83,20,41.58,59,30:15,,MAC,3,9
114,Pittsburgh ,12,27,317.9,2023,120,10,101.9,75,12,17,216.0,49,41,361.6,66,20,150.2,42,16,211.4,101,6,9,-5,127,94,7.83,119,64.42,119,27:37,,ACC,3,9
115,Charlotte ,12,23,312.8,2023,81,16,145.0,116,16,7,167.8,59,40,374.2,87,19,161.5,45,20,212.7,101,6,6,-5,113,85,7.08,102,59.33,15,32:19,,AAC,3,9
115,Nebraska ,12,26,312.8,2023,38,16,176.8,126,16,10,135.9,11,24,303.5,8,9,92.9,40,14,210.6,129,5,15,-17,32,61,5.08,25,42.75,43,30:54,,Big Ten,5,7
117,Army West Point ,12,26,310.8,2023,7,19,208.0,129,11,7,102.8,51,31,364.2,106,15,176.3,23,16,187.9,90,10,11,-3,8,48,4.00,9,36.67,14,32:22,,FBS Independent,6,6
118,BYU ,12,32,309.8,2023,118,15,104.3,90,9,17,205.4,106,45,417.7,109,18,177.7,91,21,240.0,54,6,10,1,40,64,5.33,27,43.00,109,28:19,,Big 12,5,7
119,Ball St. ,12,24,308.1,2023,52,15,171.5,125,9,9,136.6,17,35,315.8,14,15,111.6,33,17,204.3,101,6,7,-5,36,62,5.17,39,45.17,21,31:51,,MAC,4,8
120,Rutgers ,13,34,306.2,2023,55,24,168.7,124,8,10,137.5,16,35,313.5,41,16,137.2,10,16,176.3,30,9,5,5,31,66,5.08,38,45.15,23,31:47,,Big Ten,7,6
121,Northwestern ,13,34,303.9,2023,119,14,101.9,94,8,20,202.0,35,36,340.8,81,20,157.8,15,15,182.9,3,9,1,13,38,69,5.31,23,42.62,101,28:37,,Big Ten,8,5
122,Minnesota ,13,29,300.9,2023,65,13,157.5,123,11,16,143.4,54,44,368.4,62,19,149.1,59,23,219.3,47,7,6,2,1,39,3.00,2,27.08,20,31:52,,Big Ten,6,7
123,Navy ,12,26,300.3,2023,17,16,194.6,128,5,10,105.7,44,35,353.7,33,12,128.8,67,18,224.8,4,14,8,11,56,68,5.67,42,46.00,42,30:55,,AAC,5,7
124,Nevada ,12,20,300.0,2023,98,14,124.8,111,12,6,175.2,123,50,441.8,117,23,187.8,112,24,254.1,96,7,8,-4,102,81,6.75,98,58.50,57,30:20,,Mountain West,2,10
125,Michigan St. ,12,21,289.3,2023,125,7,89.5,96,13,14,199.8,76,42,388.8,68,14,151.0,86,24,237.8,111,7,9,-6,110,84,7.00,107,60.67,113,28:08,,Big Ten,4,8
126,Akron ,12,22,278.6,2023,128,12,81.0,97,15,10,197.6,31,43,335.0,56,23,147.8,22,19,187.3,121,6,6,-9,108,83,6.92,104,60.08,74,29:33,,MAC,2,10
127,East Carolina ,12,19,277.3,2023,110,12,113.3,120,14,7,163.9,37,33,341.3,29,13,122.2,58,19,219.2,101,10,7,-5,64,70,5.83,76,54.83,98,28:41,,AAC,2,10
128,Kent St. ,12,19,270.4,2023,115,8,105.9,119,6,11,164.5,80,55,390.6,105,31,176.1,50,21,214.5,90,3,6,-3,41,65,5.42,43,46.17,95,28:48,,MAC,1,11
129,Eastern Mich. ,13,28,262.8,2023,112,18,110.8,122,12,10,152.0,92,42,401.6,119,24,188.6,46,17,213.0,61,11,6,1,81,81,6.23,103,59.77,90,29:02,,MAC,6,7
130,Iowa ,14,20,234.6,2023,107,11,115.9,127,11,9,118.6,7,20,282.5,15,7,111.8,5,11,170.7,111,5,11,-7,5,51,3.64,5,30.93,105,28:33,,Big Ten,10,4
1,Tennessee ,13,78,525.5,2022,26,40,199.5,5,3,38,326.1,90,37,405.3,20,15,115.8,126,21,289.5,11,10,8,10,128,105,8.08,123,69.62,130,25:02,,SEC,11,2
2,Washington ,13,65,515.8,2022,68,33,146.0,1,9,32,369.8,59,42,372.7,25,14,121.2,99,26,251.5,61,5,2,1,98,89,6.85,100,60.46,30,31:21,,Pac-12,11,2
3,Southern California ,14,73,506.6,2022,52,30,171.1,3,5,43,335.4,105,54,423.9,79,29,159.8,111,25,264.1,1,10,2,22,76,88,6.29,88,58.00,23,31:57,,Pac-12,11,3
4,UCLA ,13,65,503.6,2022,6,36,237.2,34,12,29,266.4,89,45,405.2,34,18,130.3,119,25,274.8,84,7,9,-3,82,84,6.46,60,52.46,114,27:40,,Pac-12,9,4
5,Georgia ,15,75,501.2,2022,19,44,205.3,15,7,31,295.9,9,23,296.8,1,7,77.1,53,15,219.7,65,7,11,1,12,66,4.40,31,44.93,7,33:37,,SEC,15,0
6,Oregon ,13,64,500.5,2022,12,34,215.8,17,9,30,284.8,70,43,381.2,29,17,124.8,101,24,256.4,18,5,3,9,96,88,6.77,83,57.23,32,31:18,,Pac-12,10,3
7,Western Ky. ,14,58,497.3,2022,69,15,145.1,2,12,43,352.2,72,39,383.7,60,17,147.6,84,21,236.1,17,13,10,10,73,87,6.21,86,57.50,89,28:52,,CUSA,9,5
8,Ole Miss ,13,55,496.4,2022,3,33,256.6,58,12,22,239.8,74,41,387.8,89,18,168.0,54,22,219.8,75,12,9,-1,98,89,6.85,111,63.54,125,26:24,,SEC,8,5
9,Ohio St. ,13,72,490.7,2022,32,30,192.4,14,6,42,298.3,13,33,321.5,24,12,121.1,26,19,200.5,20,7,4,8,49,73,5.62,41,48.00,43,30:45,,Big Ten,11,2
10,Florida St. ,13,61,484.2,2022,13,33,214.1,28,7,28,270.2,14,32,321.8,74,14,156.4,4,18,165.4,53,8,7,2,91,87,6.69,93,59.08,37,31:02,,ACC,10,3
11,Alabama ,13,63,477.1,2022,30,26,195.5,19,8,37,281.5,12,27,318.2,35,15,130.4,17,12,187.8,79,7,8,-2,125,103,7.92,122,68.69,63,29:57,,SEC,11,2
12,UTSA ,14,62,476.0,2022,49,28,175.3,13,9,34,300.7,73,44,387.2,58,21,143.8,91,21,243.4,59,7,11,2,104,98,7.00,105,61.50,67,29:43,,CUSA,11,3
13,Oklahoma ,13,55,474.0,2022,10,28,219.4,41,8,27,254.6,121,49,461.0,105,29,187.5,117,20,273.5,24,4,7,6,51,74,5.69,53,50.15,126,26:23,,Big 12,6,7
14,SMU ,13,62,472.8,2022,63,26,156.2,7,11,36,316.7,111,56,431.2,119,30,203.6,71,25,227.5,79,8,9,-2,9,56,4.31,21,42.31,118,27:31,,The American,7,6
15,Arkansas ,13,53,470.3,2022,7,27,236.5,63,7,26,233.8,123,51,465.2,93,26,170.5,130,24,294.7,66,9,11,0,80,83,6.38,75,55.54,76,29:21,,SEC,7,6
16,UCF ,14,57,469.6,2022,9,35,228.4,56,9,22,241.2,68,39,380.0,77,24,157.7,58,15,222.3,94,11,12,-4,24,68,4.86,37,46.36,51,30:33,,The American,9,5
17,Utah ,14,69,466.9,2022,11,38,217.6,49,10,31,249.2,26,38,334.1,17,18,111.4,59,20,222.6,30,12,8,6,13,63,4.50,16,40.21,6,33:40,,Pac-12,10,4
18,Ga. Southern ,13,51,466.7,2022,87,23,136.8,4,16,28,329.9,128,49,487.8,127,29,230.9,103,19,256.8,101,5,5,-5,29,66,5.08,34,45.77,113,27:41,,Sun Belt,6,7
19,North Carolina ,14,62,462.8,2022,66,24,153.5,11,7,38,309.3,115,57,436.5,85,29,165.2,115,27,271.3,66,5,7,0,67,86,6.14,74,55.29,64,29:55,,ACC,9,5
20,Arizona ,12,45,461.9,2022,70,19,143.5,6,13,26,318.4,124,60,467.7,124,33,209.1,106,25,258.6,105,12,8,-5,40,65,5.42,51,50.00,108,28:03,,Pac-12,5,7
21,North Texas ,14,58,461.8,2022,25,24,199.9,36,16,34,261.9,120,55,459.9,115,26,197.8,109,24,262.1,107,8,6,-6,33,74,5.29,23,42.43,122,26:59,,CUSA,7,7
22,Texas Tech ,13,54,461.4,2022,59,28,159.4,12,18,26,302.0,107,45,425.5,90,18,168.8,102,23,256.8,108,9,7,-6,51,74,5.69,27,44.31,69,29:36,,Big 12,8,5
23,East Carolina ,13,53,461.1,2022,53,25,170.6,16,5,28,290.5,86,44,404.3,18,15,112.5,128,27,291.8,4,9,2,13,9,56,4.31,11,37.54,42,30:55,,The American,8,5
24,Michigan ,14,65,458.8,2022,5,41,238.9,82,6,24,219.9,5,25,292.1,6,10,97.9,20,11,194.2,21,4,4,8,8,58,4.14,4,32.00,4,33:48,,Big Ten,13,1
25,Houston ,13,57,455.8,2022,76,17,141.8,8,10,40,314.0,104,52,421.8,55,18,143.2,121,32,278.6,101,6,9,-5,125,103,7.92,124,70.38,60,30:05,,The American,8,5
26,App State ,12,55,455.3,2022,21,27,204.4,47,6,28,250.9,36,42,347.2,33,20,127.5,52,18,219.7,16,13,5,9,47,67,5.58,58,51.58,50,30:35,,Sun Belt,6,6
27,TCU ,15,70,455.0,2022,31,37,193.3,38,8,33,261.7,94,55,408.2,78,29,158.9,96,25,249.3,33,6,8,6,22,72,4.80,49,49.60,54,30:28,,Big 12,13,2
28,LSU ,14,62,453.1,2022,40,39,183.9,30,7,23,269.3,40,38,354.6,62,18,148.4,32,17,206.2,59,11,11,2,67,86,6.14,67,54.29,40,30:57,,SEC,10,4
29,Wake Forest ,13,60,442.4,2022,92,17,130.5,9,13,43,311.9,92,45,406.5,45,14,136.8,114,29,269.7,84,9,6,-3,20,62,4.77,17,40.23,100,28:32,,ACC,8,5
30,Tulane ,14,64,441.4,2022,20,34,204.8,60,5,30,236.6,46,39,360.4,68,15,152.3,37,23,208.1,42,8,11,4,5,56,4.00,7,34.29,68,29:39,,The American,12,2
31,Kansas ,13,61,438.6,2022,38,29,184.2,42,8,32,254.4,126,58,469.2,123,37,209.1,107,21,260.2,48,10,11,3,35,69,5.31,38,46.54,62,30:00,,Big 12,6,7
32,UAB ,13,47,438.2,2022,8,32,235.6,103,7,15,202.6,47,40,360.8,86,23,165.9,21,16,194.9,66,8,11,0,104,91,7.00,101,60.54,24,31:55,,CUSA,7,6
33,Penn St. ,13,57,433.6,2022,44,28,181.1,45,7,29,252.5,16,28,323.5,16,14,111.2,45,12,212.3,10,12,8,11,35,69,5.31,45,48.31,48,30:36,,Big Ten,11,2
34,Texas ,13,51,429.5,2022,36,29,188.2,55,7,22,241.4,53,33,368.4,32,14,125.7,90,18,242.7,53,4,5,2,65,79,6.08,39,47.31,120,27:19,,Big 12,8,5
35,BYU ,13,51,426.3,2022,48,19,176.6,48,7,32,249.7,93,48,408.1,97,22,173.8,81,25,234.3,53,4,3,2,59,76,5.85,66,54.00,79,29:10,,FBS Independent,8,5
36,South Alabama ,13,47,424.4,2022,62,19,156.8,32,12,28,267.6,25,32,333.3,4,8,93.9,87,22,239.4,39,7,4,4,120,101,7.77,127,71.92,18,32:06,,Sun Belt,10,3
37,Florida ,13,47,424.1,2022,24,29,200.2,76,9,18,223.8,96,48,411.0,98,29,175.2,83,17,235.8,11,15,5,10,98,89,6.85,52,50.08,82,29:03,,SEC,6,7
38,Memphis ,13,53,421.4,2022,74,30,142.2,21,8,23,279.2,50,44,363.4,27,17,122.1,88,24,241.3,24,6,8,6,6,53,4.08,8,36.85,49,30:35,,The American,7,6
39,Ohio ,14,51,421.2,2022,72,23,143.1,23,5,28,278.1,108,49,426.9,49,19,140.9,125,29,286.0,8,13,8,12,27,69,4.93,26,44.14,17,32:10,,MAC,10,4
40,Kansas St. ,14,53,418.8,2022,15,32,208.3,92,6,21,210.5,63,37,375.1,67,15,150.8,63,21,224.4,8,8,6,12,33,74,5.29,25,42.93,26,31:44,,Big 12,10,4
41,Kent St. ,12,40,417.3,2022,22,23,202.1,88,8,17,215.2,112,42,433.3,80,19,160.1,116,23,273.2,66,6,5,0,93,81,6.75,69,54.75,124,26:41,,MAC,5,7
42,Georgia St. ,12,44,417.1,2022,14,26,213.5,101,7,18,203.6,83,49,399.3,94,22,170.5,73,22,228.8,32,12,13,5,109,85,7.08,118,64.92,110,27:56,,Sun Belt,4,8
43,Duke ,13,51,415.7,2022,39,31,184.2,67,6,20,231.5,67,36,378.5,25,10,121.2,104,25,257.3,2,16,4,16,30,68,5.23,55,50.54,10,32:52,,ACC,9,4
44,Baylor ,13,53,413.8,2022,42,34,182.4,68,11,19,231.5,57,44,371.0,61,25,148.2,61,17,222.8,53,6,6,2,20,62,4.77,19,41.08,28,31:30,,Big 12,6,7
45,Tulsa ,12,45,411.8,2022,84,18,138.7,24,10,27,273.2,98,47,414.3,121,20,207.9,33,21,206.3,83,10,8,-2,70,74,6.17,81,57.08,88,28:54,,The American,5,7
46,Fla. Atlantic ,12,44,411.5,2022,37,19,184.3,71,5,25,227.2,106,41,424.8,102,15,179.0,95,25,245.8,19,9,8,8,70,74,6.17,88,58.00,90,28:49,,CUSA,5,7
47,Clemson ,14,55,410.3,2022,46,31,177.9,65,10,24,232.4,27,36,334.4,12,12,102.7,75,21,231.7,74,8,12,-1,42,76,5.43,42,48.21,34,31:13,,ACC,11,3
48,Louisville ,13,38,406.2,2022,23,25,200.6,98,12,13,205.5,23,30,330.2,37,13,133.2,22,17,197.0,24,15,12,6,102,90,6.92,119,66.00,61,30:04,,ACC,8,5
49,Pittsburgh ,13,43,405.8,2022,41,30,183.0,77,11,13,222.8,22,39,329.9,7,13,98.0,76,23,231.9,53,8,9,2,115,96,7.38,112,63.69,8,33:14,,ACC,9,4
50,Coastal Carolina ,13,49,405.5,2022,60,22,159.3,52,6,27,246.2,101,51,418.0,38,22,133.5,124,28,284.5,61,12,14,1,74,81,6.23,80,56.92,16,32:18,,Sun Belt,9,4
51,Oklahoma St. ,13,44,405.1,2022,96,20,125.5,20,18,24,279.5,114,47,435.7,100,23,178.0,105,24,257.7,95,6,5,-4,1,46,3.54,6,33.54,112,27:46,,Big 12,7,6
52,Fresno St. ,14,50,402.8,2022,91,28,132.2,27,9,22,270.6,30,31,338.9,65,17,149.6,18,14,189.4,42,6,5,4,13,63,4.50,15,40.07,38,31:00,,Mountain West,10,4
53,Toledo ,14,54,402.6,2022,47,23,177.4,74,15,31,225.2,17,45,326.2,56,25,143.2,12,17,183.0,113,6,11,-8,92,94,6.71,71,55.00,65,29:55,,MAC,9,5
54,Maryland ,13,44,401.5,2022,81,23,141.3,39,8,21,260.2,42,34,357.1,39,16,133.8,62,17,223.3,61,7,7,1,120,101,7.77,126,71.08,41,30:55,,Big Ten,8,5
55,Purdue ,14,43,399.8,2022,102,17,121.0,22,17,26,278.8,52,50,366.9,51,19,142.0,66,28,224.9,78,6,6,-2,38,75,5.36,65,53.64,21,31:58,,Big Ten,8,6
56,West Virginia ,12,44,399.0,2022,51,24,171.5,70,12,20,227.5,97,50,412.3,66,24,149.6,110,22,262.7,118,6,6,-8,81,77,6.42,62,53.00,31,31:19,,Big 12,5,7
57,Marshall ,13,36,397.9,2022,17,20,205.9,109,10,16,192.0,7,25,294.5,3,10,93.0,27,12,201.5,11,11,9,10,111,94,7.23,120,66.08,25,31:55,,Sun Belt,9,4
58,Air Force ,13,45,397.2,2022,1,37,326.7,130,2,8,70.5,1,20,254.4,5,10,95.3,2,10,159.1,48,7,11,3,4,51,3.92,1,29.69,1,36:33,,Mountain West,10,3
59,Notre Dame ,13,50,396.2,2022,35,25,189.1,97,11,25,207.1,21,39,329.3,36,16,131.3,23,20,198.0,84,5,7,-3,19,60,4.62,21,42.31,22,31:58,,FBS Independent,9,4
60,Oregon St. ,13,52,396.0,2022,29,36,196.5,104,13,16,199.5,24,31,332.8,14,17,108.2,64,11,224.5,75,5,5,-1,60,78,6.00,68,54.69,20,31:58,,Pac-12,10,3
61,Mississippi St. ,13,48,392.9,2022,129,12,81.7,10,9,36,311.2,34,36,344.5,40,20,134.2,41,15,210.3,39,9,10,4,77,82,6.31,102,60.77,77,29:13,,SEC,9,4
62,Louisiana Tech ,12,39,392.0,2022,98,14,124.8,33,19,25,267.3,125,58,468.8,129,34,243.2,68,20,225.6,90,11,6,-3,97,82,6.83,116,64.25,70,29:35,,CUSA,3,9
63,South Fla. ,12,43,390.8,2022,27,25,197.9,107,9,18,192.9,130,64,516.6,128,37,234.6,123,25,282.0,97,10,11,-4,15,55,4.58,9,36.92,74,29:28,,The American,1,11
64,Minnesota ,13,45,389.5,2022,16,33,207.3,115,9,12,182.2,8,18,294.7,15,10,109.0,15,8,185.7,34,4,4,5,1,46,3.54,3,31.77,3,34:31,,Big Ten,9,4
65,Liberty ,13,45,389.4,2022,50,24,172.7,87,15,21,216.7,35,39,345.8,59,20,146.3,25,16,199.5,84,10,12,-3,69,80,6.15,64,53.54,97,28:38,,FBS Independent,8,5
66,Arizona St. ,12,39,387.2,2022,89,21,135.3,46,10,18,251.9,103,46,421.5,106,31,188.1,78,14,233.4,114,1,9,-7,112,87,7.25,128,72.33,46,30:42,,Pac-12,3,9
67,Charlotte ,12,40,387.1,2022,108,13,116.1,26,14,27,271.0,127,62,483.8,120,29,205.3,120,28,278.5,118,4,7,-8,93,81,6.75,95,59.50,71,29:34,,CUSA,3,9
68,Boise St. ,14,47,387.1,2022,28,27,196.5,110,9,20,190.6,6,33,292.5,30,16,124.8,5,13,167.7,51,5,8,3,46,78,5.57,40,47.43,47,30:40,,Mountain West,10,4
69,UTEP ,12,29,384.8,2022,54,14,167.2,85,12,15,217.7,39,41,352.5,44,13,136.0,49,23,216.5,105,11,9,-5,83,78,6.50,77,55.75,5,33:47,,CUSA,5,7
70,Ball St. ,12,32,384.2,2022,65,14,155.7,69,14,18,228.5,81,40,398.4,104,23,182.3,48,17,216.1,109,8,7,-6,60,72,6.00,78,55.92,109,28:00,,MAC,5,7
71,South Carolina ,13,50,378.8,2022,105,27,118.8,40,14,23,260.0,87,48,404.7,116,23,198.0,34,24,206.7,95,8,13,-4,102,90,6.92,114,63.77,96,28:41,,SEC,8,5
72,Auburn ,12,34,378.5,2022,18,25,205.8,118,12,9,172.7,77,45,395.3,96,28,172.7,60,15,222.7,121,7,11,-10,117,90,7.50,84,57.33,59,30:14,,SEC,5,7
73,Illinois ,13,33,378.0,2022,55,18,166.2,91,5,15,211.8,3,16,273.5,9,6,99.8,8,9,173.8,3,8,12,15,84,85,6.54,104,61.38,12,32:46,,Big Ten,8,5
74,Buffalo ,13,40,377.2,2022,75,22,141.9,61,8,18,235.3,78,44,395.4,88,23,167.8,71,19,227.5,11,15,10,10,45,72,5.54,56,51.15,13,32:45,,MAC,7,6
75,Rice ,13,40,374.4,2022,80,17,141.5,64,20,23,232.9,75,57,390.8,103,21,182.2,38,29,208.6,127,11,12,-13,60,78,6.00,61,52.54,11,32:48,,CUSA,5,8
75,Syracuse ,13,40,374.4,2022,73,21,142.5,66,9,19,231.9,20,38,328.6,57,17,143.8,14,18,184.8,24,9,4,6,129,111,8.54,109,63.00,92,28:47,,ACC,7,6
77,Middle Tenn. ,13,41,373.3,2022,113,20,108.5,35,11,21,264.8,95,46,409.5,22,14,116.8,129,29,292.7,5,10,7,12,84,85,6.54,90,58.31,93,28:45,,CUSA,8,5
78,NIU ,12,37,373.1,2022,34,19,190.4,114,14,18,182.7,79,50,395.7,52,14,142.8,100,32,252.8,36,12,2,4,78,76,6.33,107,62.50,44,30:45,,MAC,3,9
79,Akron ,12,31,372.7,2022,125,16,89.6,18,12,15,283.1,91,51,406.2,81,25,162.4,92,22,243.8,128,4,14,-13,89,80,6.67,98,60.08,53,30:29,,MAC,2,10
80,Cincinnati ,13,41,372.3,2022,93,19,129.7,54,8,22,242.6,28,33,335.5,71,18,153.2,11,15,182.2,34,9,7,5,118,98,7.54,117,64.38,106,28:16,,The American,9,4
81,Missouri ,13,34,369.8,2022,64,20,155.7,90,9,14,214.1,33,41,339.9,31,19,125.5,47,18,214.4,84,7,12,-3,120,101,7.77,112,63.69,36,31:05,,SEC,6,7
82,Iowa St. ,12,29,369.8,2022,115,10,108.0,37,15,19,261.8,4,30,285.6,13,8,107.3,10,20,178.3,114,8,7,-7,47,67,5.58,35,46.08,15,32:20,,Big 12,4,8
83,Central Mich. ,12,38,368.5,2022,57,22,160.4,95,10,16,208.1,61,44,374.3,69,20,152.4,57,21,221.9,129,6,18,-18,104,84,7.00,110,63.17,107,28:14,,MAC,4,8
84,San Jose St. ,12,42,368.3,2022,122,19,95.8,25,7,23,272.5,32,33,339.9,28,15,122.3,51,15,217.7,6,6,2,11,57,70,5.83,47,48.92,98,28:35,,Mountain West,7,5
85,Miami (FL) ,12,30,366.9,2022,95,12,127.9,59,12,18,239.0,64,40,376.6,54,18,142.9,79,20,233.7,90,8,13,-3,109,85,7.08,96,60.00,45,30:42,,ACC,5,7
86,California ,12,33,366.6,2022,121,10,96.6,29,9,23,270.0,110,43,428.6,63,19,149.1,122,23,279.5,22,7,3,6,31,63,5.25,28,44.58,95,28:42,,Pac-12,4,8
87,Army West Point ,12,43,366.1,2022,2,38,289.4,129,4,5,76.7,44,34,359.0,118,19,199.0,3,15,160.0,36,7,9,4,23,58,4.83,13,38.92,27,31:38,,FBS Independent,6,6
88,Eastern Mich. ,13,48,364.7,2022,82,25,140.8,75,12,23,223.9,65,47,377.0,73,23,156.1,56,23,220.9,61,7,7,1,125,103,7.92,129,73.46,33,31:17,,MAC,9,4
89,Louisiana ,13,37,364.3,2022,77,10,141.8,78,10,27,222.5,49,38,361.7,50,18,141.6,55,18,220.1,39,8,9,4,84,85,6.54,76,55.69,75,29:27,,Sun Belt,6,7
90,Wisconsin ,13,42,363.6,2022,45,21,179.8,113,11,21,183.8,10,33,303.5,8,14,99.2,29,18,204.3,53,3,7,2,74,81,6.23,87,57.77,35,31:08,,Big Ten,7,6
91,Stanford ,12,29,361.6,2022,116,14,107.3,43,8,15,254.3,113,50,434.1,126,25,224.4,40,22,209.7,121,5,13,-10,15,55,4.58,20,41.25,66,29:54,,Pac-12,3,9
92,Texas A&M ,12,30,360.9,2022,79,12,141.5,83,6,18,219.4,51,31,365.0,122,13,208.8,1,15,156.2,77,12,11,-1,78,76,6.33,48,49.08,111,27:52,,SEC,5,7
93,Washington St. ,13,41,360.7,2022,117,17,106.8,44,9,24,253.8,85,38,402.3,41,17,134.6,113,19,267.7,48,9,9,3,39,70,5.38,33,45.31,115,27:38,,Pac-12,7,6
94,Troy ,14,41,359.9,2022,106,21,117.0,53,15,20,242.9,19,29,327.4,23,15,119.9,36,14,207.5,30,14,6,6,42,76,5.43,50,49.93,52,30:30,,Sun Belt,12,2
95,Utah St. ,13,32,354.3,2022,61,14,159.2,106,21,18,195.2,82,49,399.2,112,19,194.2,31,27,205.0,120,7,6,-9,129,111,8.54,130,77.46,91,28:48,,Mountain West,6,7
96,Michigan St. ,12,39,353.0,2022,110,16,113.0,57,12,23,240.0,100,41,416.5,101,14,178.6,86,26,237.9,97,10,4,-4,57,70,5.83,70,54.92,127,26:13,,Big Ten,5,7
97,UNLV ,12,33,352.1,2022,86,18,137.1,89,7,15,215.0,71,41,383.2,75,19,157.4,69,21,225.8,22,6,8,6,54,69,5.75,81,57.08,94,28:45,,Mountain West,5,7
98,Temple ,12,29,350.5,2022,128,11,82.4,31,12,18,268.1,76,44,391.2,111,21,192.6,24,21,198.6,124,6,11,-11,15,55,4.58,10,37.00,116,27:36,,The American,3,9
99,Southern Miss. ,13,35,349.3,2022,77,15,141.8,96,14,20,207.5,58,36,372.2,46,15,138.2,80,21,234.0,84,5,11,-3,88,86,6.62,91,58.38,99,28:34,,Sun Belt,7,6
100,Vanderbilt ,12,35,347.3,2022,58,13,159.9,111,6,22,187.3,122,56,461.3,95,25,170.8,127,29,290.5,66,10,10,0,31,63,5.25,35,46.08,19,32:03,,SEC,5,7
101,Nebraska ,12,34,344.3,2022,99,17,123.5,81,13,17,220.8,99,41,414.4,108,22,189.1,67,18,225.3,90,7,6,-3,40,65,5.42,24,42.50,123,26:44,,Big Ten,4,8
102,Virginia ,10,20,344.1,2022,100,13,123.1,80,12,7,221.0,43,26,357.6,70,12,153.2,30,10,204.4,123,8,10,-9,104,70,7.00,106,62.20,117,27:34,,ACC,3,7
103,Hawaii ,13,29,342.8,2022,85,16,137.2,98,12,13,205.5,116,55,438.2,125,28,213.3,65,21,224.8,117,2,8,-8,49,73,5.62,54,50.23,105,28:17,,Mountain West,3,10
104,NC State ,13,31,339.8,2022,109,8,113.8,73,8,23,226.1,18,29,326.9,10,13,100.7,70,15,226.2,24,3,8,6,113,95,7.31,85,57.46,29,31:23,,ACC,8,5
105,Old Dominion ,12,27,339.4,2022,124,8,92.3,50,7,19,247.2,117,37,442.6,117,19,198.3,93,17,244.3,66,7,12,0,93,81,6.75,103,60.83,129,25:12,,Sun Belt,3,9
106,Northwestern ,12,21,335.4,2022,97,11,125.1,93,17,10,210.3,62,43,374.8,109,24,191.3,13,17,183.4,130,6,14,-19,15,55,4.58,18,40.83,84,29:01,,Big Ten,1,11
107,Bowling Green ,13,33,334.8,2022,120,8,100.2,62,11,25,234.7,102,54,419.6,91,22,168.9,98,29,250.7,66,13,12,0,124,102,7.85,125,70.46,81,29:05,,MAC,6,7
108,New Mexico St. ,13,43,330.6,2022,56,25,161.5,119,13,18,169.2,29,37,336.3,64,21,149.5,16,14,186.8,101,7,6,-5,84,85,6.54,79,56.62,103,28:24,,FBS Independent,7,6
109,Indiana ,12,31,328.3,2022,111,15,110.8,86,13,16,217.4,118,53,449.4,99,19,175.3,118,30,274.2,97,7,5,-4,28,60,5.00,32,45.25,128,25:31,,Big Ten,4,8
110,Navy ,12,31,326.8,2022,4,22,241.2,128,6,9,85.7,31,34,339.0,2,7,88.9,97,25,250.1,44,10,9,3,3,46,3.83,2,31.33,2,34:38,,The American,4,8
111,ULM ,12,32,326.0,2022,103,16,120.7,100,7,16,205.3,109,53,427.8,114,29,195.1,77,17,232.7,114,2,8,-7,25,59,4.92,30,44.75,72,29:29,,Sun Belt,4,8
112,Texas St. ,12,28,325.2,2022,119,9,104.1,79,10,19,221.1,48,39,361.1,21,18,116.2,94,18,244.9,44,9,7,3,25,59,4.92,29,44.67,56,30:27,,Sun Belt,4,8
113,San Diego St. ,13,26,324.9,2022,71,11,143.4,116,14,15,181.5,15,34,322.7,19,13,113.8,39,21,208.8,101,7,11,-5,115,96,7.38,94,59.38,39,30:58,,Mountain West,7,6
114,Georgia Tech ,12,23,324.8,2022,90,13,132.7,108,9,10,192.2,84,42,401.0,107,20,188.6,46,17,212.4,6,13,4,11,54,69,5.75,59,51.92,102,28:27,,ACC,5,7
115,Kentucky ,13,30,324.7,2022,107,9,116.2,94,13,21,208.5,11,29,311.4,48,16,140.6,7,10,170.8,79,7,6,-2,51,74,5.69,14,39.54,9,33:10,,SEC,7,6
116,FIU ,12,27,323.8,2022,118,11,105.0,84,16,16,218.8,119,58,452.1,110,31,191.8,108,24,260.3,109,9,6,-6,70,74,6.17,63,53.33,121,27:16,,CUSA,4,8
117,Arkansas St. ,12,32,314.8,2022,127,16,88.2,72,5,16,226.6,88,50,405.1,81,23,162.4,89,25,242.7,44,6,4,3,54,69,5.75,73,55.25,85,29:00,,Sun Belt,3,9
118,Wyoming ,13,27,313.6,2022,43,16,181.4,124,12,11,132.2,56,37,370.5,72,17,153.5,50,19,217.0,79,8,4,-2,9,56,4.31,11,37.54,80,29:06,,Mountain West,7,6
119,Virginia Tech ,11,24,313.5,2022,112,15,110.2,102,9,9,203.3,55,31,370.4,42,15,135.2,82,13,235.2,112,5,6,-6,114,81,7.36,92,58.45,87,28:55,,ACC,3,8
120,Boston College ,12,27,309.8,2022,130,6,62.8,51,14,21,247.1,66,45,377.8,87,25,166.7,43,19,211.2,124,8,12,-11,60,72,6.00,46,48.50,86,28:57,,ACC,3,9
121,Miami (OH) ,13,29,305.6,2022,83,14,140.1,121,5,15,165.5,60,35,373.2,43,17,135.9,85,17,237.2,11,11,7,10,44,71,5.46,43,48.23,58,30:20,,MAC,6,7
122,Nevada ,12,26,304.7,2022,104,19,119.1,112,8,7,185.6,80,45,396.2,84,23,164.6,74,17,231.6,52,8,9,2,60,72,6.00,72,55.08,101,28:29,,Mountain West,2,10
123,UConn ,13,30,302.9,2022,33,20,191.0,126,10,10,111.9,69,43,380.5,92,24,169.7,42,15,210.8,66,9,12,0,108,92,7.08,96,60.00,55,30:28,,FBS Independent,6,7
124,Western Mich. ,12,24,301.9,2022,88,14,136.3,120,13,10,165.7,38,34,352.2,47,18,140.1,44,15,212.1,36,14,8,4,89,80,6.67,108,62.92,57,30:27,,MAC,5,7
125,Colorado St. ,12,16,285.8,2022,126,4,89.0,105,11,12,196.8,41,41,354.9,83,24,163.5,19,15,191.4,97,7,8,-4,101,83,6.92,99,60.42,73,29:29,,Mountain West,3,9
126,Rutgers ,12,22,282.1,2022,94,11,128.2,123,14,11,153.9,37,45,349.7,52,23,142.8,35,15,206.8,109,5,6,-6,123,94,7.83,115,64.17,78,29:11,,Big Ten,4,8
127,Colorado ,12,21,281.3,2022,114,11,108.3,117,10,10,172.9,129,72,509.8,130,39,245.1,112,31,264.7,124,5,12,-11,37,64,5.33,44,48.25,119,27:24,,Pac-12,1,11
128,Massachusetts ,12,14,265.8,2022,67,10,148.8,125,14,4,116.9,54,48,369.6,113,29,194.3,9,17,175.3,90,8,6,-3,119,91,7.58,121,66.67,14,32:26,,FBS Independent,1,11
129,Iowa ,13,19,251.5,2022,123,12,94.8,122,7,7,156.7,2,18,270.8,11,4,101.3,6,13,169.5,24,8,10,6,6,53,4.08,5,32.69,104,28:20,,Big Ten,8,5
130,New Mexico ,12,15,228.0,2022,101,12,123.1,127,9,3,104.9,45,38,360.2,75,19,157.4,28,15,202.8,44,8,5,3,66,73,6.08,57,51.17,83,29:02,,Mountain West,2,10
1,Ohio St. ,13,70,561.5,2021,47,24,180.6,3,8,46,380.9,59,39,372.9,28,17,126.8,97,21,246.2,15,8,3,9,81,85,6.54,91,59.23,,29:23,81.0,Big Ten,11,2
2,Western Ky. ,14,76,535.3,2021,121,13,101.6,1,12,63,433.7,109,53,435.8,90,28,167.7,118,23,268.1,12,10,8,11,92,95,6.79,69,54.14,,27:49,113.0,CUSA,9,5
3,Virginia ,12,52,515.8,2021,105,21,123.2,2,12,31,392.6,121,48,466.0,123,21,225.8,87,26,240.2,87,7,6,-3,75,77,6.42,79,56.75,,30:38,40.0,ACC,6,6
4,Kent St. ,14,57,495.2,2021,3,36,248.6,57,6,21,246.6,124,65,471.5,116,40,205.9,116,23,265.6,3,9,6,13,119,110,7.86,122,71.29,,26:41,125.0,MAC,7,7
5,Coastal Carolina ,13,69,494.7,2021,6,36,228.8,28,4,33,265.9,25,36,339.4,61,21,149.1,16,15,190.3,53,6,6,2,40,70,5.38,59,51.23,,31:18,24.0,Sun Belt,11,2
6,Ole Miss ,13,54,492.5,2021,12,33,217.6,22,7,21,274.8,97,40,420.6,105,25,190.6,68,14,230.0,19,9,5,8,129,118,9.08,127,75.62,,27:29,118.0,SEC,10,3
7,Alabama ,15,69,488.2,2021,75,21,150.0,7,7,48,338.2,7,36,304.1,4,9,86.0,50,25,218.1,21,7,6,9,106,107,7.13,113,66.0,,31:43,19.0,SEC,13,2
8,Pittsburgh ,14,70,486.6,2021,77,26,149.2,8,8,44,337.4,39,43,353.6,6,15,89.3,115,26,264.3,25,7,7,8,87,94,6.71,108,63.93,,31:13,27.0,ACC,11,3
9,Tennessee ,13,63,474.9,2021,11,30,217.8,40,3,33,257.1,99,48,421.7,59,24,148.5,122,23,273.2,46,3,10,3,93,89,6.85,95,60.62,,24:29,130.0,SEC,7,6
10,North Carolina ,13,56,468.3,2021,18,30,212.6,42,9,26,255.7,94,52,418.0,97,23,180.0,84,27,238.0,53,5,5,2,111,95,7.31,118,69.23,,27:55,112.0,ACC,6,7
11,Wake Forest ,14,70,467.9,2021,68,31,160.5,12,15,39,307.4,91,51,413.3,111,25,195.5,49,24,217.8,17,14,5,9,56,81,5.79,64,52.64,,28:40,97.0,ACC,11,3
12,Western Mich. ,13,54,466.4,2021,17,31,212.8,49,6,23,253.6,18,46,329.5,50,17,143.1,10,23,186.4,70,10,8,0,93,89,6.85,89,58.92,,35:16,4.0,MAC,8,5
13,SMU ,12,59,465.9,2021,67,20,161.4,14,12,39,304.5,92,44,414.8,39,15,136.8,124,27,278.1,87,5,6,-3,49,67,5.58,63,52.25,,29:14,88.0,AAC,8,4
14,Fresno St. ,13,52,464.8,2021,90,17,138.2,9,10,35,326.7,32,32,347.1,24,15,125.1,58,17,222.0,53,13,12,2,118,100,7.69,124,72.38,,31:27,21.0,Mountain West,10,3
15,Florida ,13,53,462.8,2021,23,26,208.7,46,18,27,254.2,51,43,367.8,85,19,163.9,25,19,203.9,116,4,3,-8,123,105,8.08,120,71.0,,30:29,47.0,SEC,6,7
16,Marshall ,13,56,456.8,2021,64,38,162.4,18,15,18,294.4,79,39,394.0,104,18,188.7,28,18,205.3,107,8,10,-7,84,87,6.69,84,57.69,,27:24,120.0,CUSA,7,6
17,BYU ,13,56,452.6,2021,37,30,188.5,31,5,26,264.1,74,38,388.2,71,24,156.3,72,14,231.9,7,8,7,11,26,66,5.08,16,41.46,,29:15,87.0,FBS Independent,10,3
18,Oklahoma ,13,61,451.0,2021,38,29,187.5,33,9,32,263.5,76,43,390.8,30,15,129.0,109,26,261.8,7,13,4,11,84,87,6.69,77,56.38,,29:34,78.0,Big 12,11,2
19,Miami (FL) ,12,50,448.8,2021,97,20,127.7,10,10,30,321.2,75,40,389.6,44,16,139.0,102,21,250.6,108,3,8,-7,108,87,7.25,105,63.58,,27:22,121.0,ACC,7,5
20,Nebraska ,12,45,447.6,2021,45,31,181.2,27,11,14,266.4,47,31,366.0,58,12,146.9,53,14,219.1,98,3,7,-5,37,64,5.33,29,45.0,,28:53,94.0,Big Ten,3,9
21,Louisville ,13,50,446.2,2021,22,29,209.8,65,6,21,236.4,84,43,403.3,76,23,157.7,95,20,245.6,53,5,7,2,70,81,6.23,74,55.31,,30:26,51.0,ACC,6,7
22,Utah St. ,14,54,445.6,2021,85,13,142.1,15,15,41,303.4,77,39,392.7,84,20,161.9,70,16,230.9,60,13,8,2,69,87,6.21,75,55.57,,29:16,86.0,Mountain West,11,3
23,Southern California ,12,37,443.9,2021,80,16,145.6,17,13,21,298.3,89,52,408.9,88,28,167.1,89,20,241.8,74,5,7,-1,120,96,8.0,126,75.0,,30:35,41.0,Pac-12,4,8
24,Central Mich. ,13,49,443.4,2021,51,18,178.0,29,10,31,265.4,67,42,381.8,18,18,118.5,112,22,263.3,64,10,4,1,72,82,6.31,76,55.85,,31:03,31.0,MAC,9,4
25,Michigan ,14,60,443.1,2021,15,39,214.4,68,9,21,228.7,20,28,330.8,27,11,126.4,27,17,204.4,60,8,5,2,20,68,4.86,17,41.5,,31:22,22.0,Big Ten,12,2
26,Georgia ,15,68,442.8,2021,36,29,190.9,51,12,39,251.9,2,16,268.9,2,3,78.9,13,10,190.1,49,5,6,3,30,77,5.13,21,42.53,,30:33,43.0,SEC,14,1
27,Arkansas ,13,48,441.7,2021,7,26,227.8,85,5,22,213.9,50,35,367.7,69,17,153.5,41,16,214.2,31,4,6,6,120,104,8.0,103,63.0,,28:57,93.0,SEC,9,4
28,Tulsa ,13,38,441.5,2021,34,20,192.0,53,16,18,249.5,56,42,370.8,48,19,142.7,66,15,228.2,104,7,8,-6,116,97,7.46,123,71.54,,30:50,35.0,AAC,7,6
29,Mississippi St. ,13,47,441.5,2021,130,10,63.2,4,9,37,378.3,30,41,344.8,12,16,113.0,71,20,231.8,80,5,9,-2,117,99,7.62,86,58.46,,33:17,9.0,SEC,7,6
30,App State ,14,55,441.3,2021,33,26,192.2,54,12,29,249.1,33,37,347.7,25,18,125.7,58,18,222.0,91,7,14,-4,63,85,6.07,66,53.14,,31:10,29.0,Sun Belt,10,4
31,UCLA ,12,54,441.3,2021,14,31,215.1,70,8,23,226.2,70,39,384.4,23,24,124.3,107,15,260.2,22,9,6,7,102,85,7.08,109,64.5,,29:46,69.0,Pac-12,8,4
32,Maryland ,13,47,441.0,2021,91,20,136.4,13,12,27,304.6,85,50,404.3,70,24,154.8,99,22,249.5,104,6,6,-6,90,88,6.77,81,57.08,,28:38,98.0,Big Ten,7,6
33,Purdue ,13,42,439.6,2021,127,7,84.2,5,12,35,355.4,48,36,366.6,77,18,157.9,33,18,208.7,83,4,8,-3,10,58,4.46,22,42.85,,31:57,16.0,Big Ten,9,4
34,UTSA ,14,57,439.0,2021,43,26,183.5,43,6,31,255.5,58,44,372.7,14,15,114.7,105,27,258.0,5,13,7,12,25,71,5.07,56,50.57,,29:34,77.0,CUSA,12,2
35,Liberty ,13,59,436.2,2021,46,26,180.8,44,15,33,255.4,11,35,320.2,45,19,139.9,6,14,180.3,121,2,5,-9,101,92,7.08,114,66.54,,30:16,53.0,FBS Independent,8,5
36,TCU ,12,40,435.8,2021,29,21,196.3,60,6,19,239.6,119,55,461.8,122,34,222.0,86,20,239.8,93,2,10,-4,102,85,7.08,98,61.42,,29:28,79.0,Big 12,5,7
37,Toledo ,13,51,435.2,2021,30,29,196.2,61,3,22,239.1,36,29,349.7,64,11,151.5,22,17,198.2,27,6,4,7,130,130,10.0,130,90.15,,27:57,109.0,MAC,7,6
38,Memphis ,12,44,434.9,2021,92,18,136.2,16,11,26,298.8,95,44,418.2,89,22,167.4,103,22,250.8,74,7,6,-1,16,58,4.83,11,39.58,,26:39,126.0,AAC,6,6
39,East Carolina ,12,41,433.3,2021,63,20,162.6,24,11,21,270.8,80,41,394.8,82,20,161.7,73,17,233.1,74,6,11,-1,37,64,5.33,48,48.75,,32:33,12.0,AAC,7,5
40,Utah ,14,61,431.1,2021,13,37,216.8,84,8,24,214.3,27,38,341.6,19,11,119.4,60,22,222.3,69,6,7,1,15,67,4.79,31,45.14,,30:49,36.0,Pac-12,10,4
41,North Texas ,13,44,430.5,2021,5,32,233.5,98,14,12,197.1,68,46,382.8,66,18,152.4,69,25,230.5,70,12,4,0,107,93,7.15,115,68.38,,29:49,67.0,CUSA,6,7
42,Michigan St. ,13,50,429.3,2021,53,23,175.6,47,10,27,253.7,111,39,441.9,15,10,117.2,130,27,324.8,46,10,7,3,99,90,6.92,107,63.92,,28:19,104.0,Big Ten,11,2
42,Oregon St. ,13,52,429.3,2021,19,33,212.4,80,12,19,216.9,73,41,387.4,52,19,143.8,92,22,243.5,64,4,6,1,93,89,6.85,104,63.08,,30:30,45.0,Pac-12,7,6
44,NIU ,14,51,428.7,2021,4,36,241.4,105,8,15,187.4,115,61,452.4,120,33,214.4,84,27,238.0,103,8,9,-6,22,70,5.0,32,45.29,,33:30,7.0,MAC,9,5
45,Notre Dame ,13,53,426.2,2021,83,23,143.8,20,10,30,282.5,43,28,359.5,37,13,135.3,64,13,224.2,15,10,6,9,51,73,5.62,50,49.38,,29:55,63.0,FBS Independent,11,2
46,Kentucky ,13,51,425.2,2021,25,27,199.5,71,13,24,225.7,26,34,340.1,20,12,121.5,52,20,218.6,126,3,10,-11,18,63,4.85,18,42.15,,32:36,11.0,SEC,10,3
47,Texas ,12,54,424.4,2021,26,25,199.0,72,10,29,225.4,100,44,425.6,114,26,201.6,62,16,224.0,93,7,8,-4,55,69,5.75,46,48.25,,28:06,108.0,Big 12,5,7
48,Nevada ,13,51,424.2,2021,129,13,77.2,6,9,38,347.0,87,43,406.5,102,23,186.0,56,19,220.5,1,13,1,17,81,85,6.54,72,55.08,,28:53,95.0,Mountain West,8,5
49,Iowa St. ,13,47,423.9,2021,69,25,160.1,32,9,22,263.8,9,34,310.7,21,11,122.5,11,19,188.2,53,5,5,2,18,63,4.85,9,38.62,,30:54,33.0,Big 12,7,6
50,Oregon ,14,56,423.6,2021,24,36,202.4,76,8,20,221.3,72,48,385.6,53,24,144.1,88,22,241.4,25,5,6,8,112,103,7.36,111,64.64,,29:46,68.0,Pac-12,10,4
51,Air Force ,13,52,423.2,2021,1,44,327.7,128,4,8,95.5,4,34,296.5,9,18,102.2,19,15,194.4,31,7,5,6,6,56,4.31,10,39.23,,36:35,1.0,Mountain West,10,3
52,Miami (OH) ,13,47,423.1,2021,81,15,144.5,21,8,32,278.6,52,39,368.8,56,18,145.6,61,21,223.2,38,8,4,5,84,87,6.69,96,60.77,,29:44,71.0,MAC,7,6
53,Baylor ,14,53,422.7,2021,10,29,219.3,92,7,24,203.4,31,29,345.9,17,16,118.4,65,13,227.5,3,8,7,13,39,75,5.36,47,48.36,,31:31,20.0,Big 12,12,2
54,Duke ,12,31,417.6,2021,50,22,179.7,64,9,9,237.9,130,60,517.9,117,26,206.2,129,32,311.8,108,6,12,-7,77,78,6.5,100,61.67,,29:19,84.0,ACC,3,9
55,Oklahoma St. ,14,50,417.4,2021,41,27,185.5,67,13,23,231.9,5,30,297.9,5,9,87.6,35,17,210.2,79,10,8,-2,61,84,6.0,71,55.07,,30:52,34.0,Big 12,12,2
56,Texas Tech ,13,48,416.3,2021,70,30,159.1,39,11,18,257.2,86,50,405.0,40,18,136.8,119,29,268.2,92,5,8,-4,33,68,5.23,26,44.62,,27:57,111.0,Big 12,7,6
57,Colorado St. ,12,29,415.8,2021,62,14,164.1,52,11,15,251.7,64,43,377.3,86,18,166.3,37,23,211.1,98,7,7,-5,102,85,7.08,116,68.5,,29:02,92.0,Mountain West,3,9
58,Cincinnati ,14,67,414.5,2021,56,34,173.3,58,9,33,241.2,10,28,318.4,62,14,149.1,2,13,169.2,5,11,9,12,110,102,7.29,70,54.21,,27:08,124.0,AAC,13,1
59,NC State ,12,46,414.4,2021,99,11,126.0,19,6,35,288.4,21,29,331.6,22,9,124.0,31,19,207.6,29,2,5,6,114,89,7.42,109,64.5,,31:17,25.0,ACC,9,3
60,Houston ,14,59,413.4,2021,86,27,141.8,23,12,32,271.6,6,36,301.2,10,13,107.2,18,18,194.0,17,9,2,9,77,91,6.5,99,61.43,,33:35,6.0,AAC,12,2
61,Missouri ,13,41,413.0,2021,49,22,179.8,66,11,19,233.2,105,57,434.2,124,32,227.4,29,25,206.8,46,5,2,3,74,83,6.38,92,59.62,,30:28,48.0,SEC,6,7
62,Buffalo ,12,42,408.8,2021,31,30,195.3,86,11,12,213.5,93,47,415.5,109,27,194.3,57,20,221.2,108,8,7,-7,44,65,5.42,60,52.0,,31:16,26.0,MAC,4,8
63,Hawaii ,13,41,405.0,2021,84,22,142.8,36,16,19,262.2,113,51,446.3,71,24,156.3,127,24,290.0,83,13,14,-3,33,68,5.23,30,45.08,,27:31,115.0,Mountain West,6,7
64,Louisiana ,14,56,404.8,2021,40,34,187.1,78,4,22,217.7,22,33,334.6,54,16,144.5,14,17,190.1,2,13,4,15,47,77,5.5,54,50.43,,31:13,28.0,Sun Belt,13,1
65,Charlotte ,12,40,403.3,2021,76,13,149.6,48,10,27,253.7,120,55,465.0,115,27,204.2,108,27,260.8,98,7,10,-5,77,78,6.5,67,53.42,,32:14,14.0,CUSA,5,7
66,UCF ,13,56,402.5,2021,28,27,196.3,91,9,29,206.2,53,40,369.3,79,24,159.2,34,12,210.1,31,9,5,6,66,80,6.15,68,53.54,,28:33,100.0,AAC,9,4
67,Auburn ,13,39,401.5,2021,66,22,161.5,59,4,17,240.0,61,32,373.8,29,8,128.1,96,23,245.8,64,3,7,1,54,74,5.69,44,46.38,,29:03,91.0,SEC,6,7
68,Fla. Atlantic ,12,38,400.0,2021,73,18,151.3,55,8,20,248.7,90,39,409.2,74,17,157.0,104,19,252.2,39,7,8,4,102,85,7.08,93,59.75,,27:25,119.0,CUSA,5,7
69,Arkansas St. ,12,31,396.3,2021,128,4,82.4,11,17,27,313.9,129,62,505.8,130,32,260.9,94,26,244.8,93,7,5,-4,49,67,5.58,39,46.0,,28:50,96.0,Sun Belt,2,10
70,UTEP ,13,37,392.0,2021,87,18,139.9,50,14,19,252.1,35,40,349.4,43,22,138.6,36,16,210.8,126,5,10,-11,125,110,8.46,125,74.77,,31:51,18.0,CUSA,7,6
71,Texas A&M ,12,36,391.6,2021,44,17,183.0,88,13,19,208.6,14,21,327.5,36,6,134.8,17,13,192.7,62,6,2,1,75,77,6.42,73,55.08,,30:03,58.0,SEC,8,4
72,Georgia St. ,13,44,388.0,2021,8,25,226.4,119,8,19,161.6,83,43,403.2,47,20,141.4,109,20,261.8,31,10,7,6,35,69,5.31,53,50.08,,27:31,116.0,Sun Belt,8,5
73,Tulane ,12,42,386.5,2021,60,19,164.8,74,13,23,221.8,102,53,429.7,78,25,158.4,120,28,271.3,122,5,11,-9,61,72,6.0,57,50.92,,29:10,90.0,AAC,2,10
74,UAB ,13,47,386.5,2021,48,27,180.2,90,10,20,206.3,16,41,328.8,11,16,111.5,48,24,217.3,53,9,7,2,128,115,8.85,129,85.92,,31:55,17.0,CUSA,9,4
75,Arizona St. ,13,46,386.0,2021,35,34,191.4,99,10,12,194.6,13,31,326.0,33,18,131.2,20,13,194.8,70,5,11,0,127,114,8.77,128,78.46,,29:21,82.0,Pac-12,8,5
75,California ,12,33,386.0,2021,61,17,164.3,74,8,16,221.8,49,33,366.7,41,13,137.2,67,20,229.5,11,7,2,10,67,74,6.17,85,57.83,,30:21,52.0,Pac-12,5,7
77,Louisiana Tech ,12,38,384.3,2021,106,16,121.8,35,16,22,262.6,106,53,434.3,87,25,166.5,117,25,267.8,74,12,6,-1,88,81,6.75,61,52.08,,28:31,101.0,CUSA,3,9
78,Boise St. ,12,35,381.0,2021,110,15,120.4,37,10,20,260.6,45,26,364.4,75,14,157.5,30,12,206.9,22,9,5,7,22,60,5.0,51,49.58,,29:57,60.0,Mountain West,7,5
79,Eastern Mich. ,13,45,380.8,2021,112,26,117.9,34,9,19,262.8,107,50,435.5,113,27,197.7,82,19,237.8,40,8,3,4,2,50,3.85,4,34.46,,30:32,44.0,MAC,7,6
80,Florida St. ,12,41,379.4,2021,52,21,177.8,94,12,20,201.6,66,41,377.8,55,15,144.6,74,25,233.2,62,7,8,1,96,83,6.92,101,62.5,,28:19,105.0,ACC,5,7
81,Washington St. ,13,45,378.6,2021,107,19,121.3,38,13,26,257.3,63,38,377.3,80,20,160.5,47,16,216.8,7,14,5,11,35,69,5.31,44,46.38,,30:33,42.0,Pac-12,7,6
82,Penn St. ,13,36,376.4,2021,118,11,107.8,26,10,25,268.5,38,24,352.5,67,12,152.7,23,11,199.8,31,7,5,6,40,70,5.38,40,46.08,,27:57,110.0,Big Ten,7,6
83,Army West Point ,13,57,375.5,2021,2,46,280.6,129,3,11,94.8,15,37,328.4,16,19,117.2,38,15,211.2,19,6,5,8,2,50,3.85,7,36.85,,35:28,2.0,FBS Independent,9,4
84,Wyoming ,13,39,374.4,2021,20,24,211.7,117,12,15,162.7,55,38,370.4,98,17,180.6,12,21,189.8,83,5,6,-3,26,66,5.08,28,44.92,,29:56,62.0,Mountain West,7,6
85,Old Dominion ,13,37,373.1,2021,72,22,158.3,83,14,15,214.8,69,44,384.2,35,12,134.2,101,28,250.0,116,8,9,-8,90,88,6.77,90,59.0,,29:18,85.0,CUSA,6,7
86,Syracuse ,12,39,371.7,2021,16,28,213.5,121,6,11,158.2,19,37,330.3,26,12,126.1,26,22,204.3,108,2,7,-7,100,84,7.0,83,57.67,,30:28,49.0,ACC,5,7
87,Ohio ,12,31,371.4,2021,39,20,187.3,108,8,11,184.1,104,42,430.8,106,25,193.0,83,17,237.8,108,2,7,-7,67,74,6.17,87,58.58,,29:40,74.0,MAC,3,9
88,West Virginia ,13,38,371.3,2021,102,19,123.4,56,12,19,247.9,37,36,350.1,42,15,138.5,39,17,211.5,97,5,7,-5,31,67,5.15,23,43.15,,31:19,23.0,Big 12,6,7
89,Wisconsin ,13,37,371.1,2021,21,26,210.9,120,13,11,160.2,1,25,239.1,1,10,64.8,4,9,174.3,64,8,10,1,40,70,5.38,24,43.62,,33:23,8.0,Big Ten,9,4
90,New Mexico St. ,12,30,369.8,2021,123,15,99.8,25,10,15,270.0,127,64,488.5,112,26,197.5,128,32,291.0,44,9,6,3,96,83,6.92,94,60.17,,30:16,54.0,FBS Independent,2,10
91,LSU ,13,41,368.5,2021,114,9,114.0,45,11,32,254.5,65,46,377.5,46,16,140.8,80,29,236.8,83,5,5,-3,6,56,4.31,3,34.08,,29:38,76.0,SEC,6,7
92,South Alabama ,12,37,367.4,2021,115,15,111.4,41,11,22,256.0,40,40,354.7,57,21,146.3,32,13,208.4,36,10,9,5,16,58,4.83,25,44.25,,32:19,13.0,Sun Belt,5,7
93,Georgia Tech ,12,33,367.3,2021,57,15,169.0,97,10,18,198.3,117,50,455.3,100,19,182.3,121,28,273.0,81,10,5,-2,65,73,6.08,58,51.17,,29:12,89.0,ACC,3,9
94,FIU ,12,31,366.7,2021,119,11,102.1,30,12,20,264.6,128,62,491.3,125,30,228.5,111,28,262.8,129,5,10,-14,60,71,5.92,62,52.17,,26:35,127.0,CUSA,1,11
95,Kansas St. ,13,43,362.3,2021,64,29,162.4,96,7,14,199.9,29,31,344.7,31,14,129.5,44,15,215.2,40,7,7,4,46,71,5.46,37,45.77,,29:54,64.0,Big 12,8,5
96,Middle Tenn. ,13,43,362.2,2021,100,15,123.8,63,13,28,238.5,59,42,372.9,38,17,136.4,79,23,236.5,7,15,8,11,83,86,6.62,80,56.92,,30:09,57.0,CUSA,7,6
97,Rice ,12,35,362.0,2021,74,19,150.3,87,15,16,211.7,108,57,435.5,83,30,161.8,123,23,273.8,87,5,7,-3,114,89,7.42,105,63.58,,33:17,10.0,CUSA,4,8
98,Virginia Tech ,13,33,361.0,2021,42,16,184.6,112,5,17,176.4,78,42,393.3,91,20,169.2,63,20,224.2,64,4,8,1,40,70,5.38,43,46.23,,29:56,61.0,ACC,6,7
99,Minnesota ,13,39,360.1,2021,27,27,198.1,118,9,12,162.0,3,28,278.8,8,11,97.5,8,15,181.2,40,9,4,4,10,58,4.46,33,45.31,,35:25,3.0,Big Ten,9,4
100,Clemson ,13,38,359.1,2021,58,26,167.9,103,11,12,191.2,8,22,310.2,7,7,96.3,40,12,213.9,53,9,8,2,64,79,6.08,55,50.54,,29:25,80.0,ACC,10,3
101,Arizona ,12,18,355.9,2021,96,6,129.6,69,18,12,226.3,57,48,371.0,99,17,180.9,15,25,190.1,130,2,5,-17,126,105,8.75,119,70.42,,30:13,56.0,Pac-12,1,11
102,South Fla. ,12,31,350.9,2021,71,25,158.5,101,12,6,192.4,123,55,470.6,118,28,207.3,113,26,263.3,93,7,9,-4,28,61,5.08,41,46.08,,30:27,50.0,AAC,2,10
103,Boston College ,12,34,350.1,2021,59,21,165.3,106,11,13,184.8,28,32,344.3,92,15,170.8,3,14,173.5,74,7,7,-1,44,65,5.42,52,49.67,,29:42,72.0,ACC,6,6
104,Texas St. ,12,32,342.7,2021,78,17,149.2,100,12,15,193.5,103,50,430.4,101,20,183.6,98,27,246.8,118,8,7,-8,57,70,5.83,88,58.75,,28:15,107.0,Sun Belt,4,8
105,San Diego St. ,14,42,342.2,2021,54,26,174.3,115,5,16,167.9,12,34,324.4,3,7,80.3,93,25,244.1,14,6,8,10,112,103,7.36,117,68.64,,32:05,15.0,Mountain West,12,2
106,Akron ,12,29,340.8,2021,103,8,123.3,79,5,21,217.5,122,62,469.0,128,32,248.9,55,26,220.1,98,6,12,-5,52,68,5.67,41,46.08,,31:08,30.0,MAC,2,10
107,Ga. Southern ,12,27,340.6,2021,32,22,193.5,124,12,5,147.1,110,48,441.8,65,17,152.3,126,28,289.5,108,4,4,-7,52,68,5.67,34,45.33,,30:43,39.0,Sun Belt,3,9
108,San Jose St. ,12,27,340.1,2021,110,12,120.4,77,10,15,219.7,54,36,370.0,34,9,133.9,77,23,236.1,123,7,13,-10,108,87,7.25,112,65.17,,26:28,128.0,Mountain West,5,7
109,Troy ,12,33,338.4,2021,123,18,99.8,62,10,15,238.7,24,38,337.9,49,15,143.0,21,19,194.9,44,8,11,3,32,62,5.17,34,45.33,,27:34,114.0,Sun Belt,5,7
110,Ball St. ,13,35,338.3,2021,94,17,130.7,89,7,18,207.6,96,44,419.4,95,22,176.4,91,17,243.0,27,4,5,7,21,64,4.92,13,40.85,,27:31,117.0,MAC,6,7
111,South Carolina ,13,31,336.8,2021,93,9,135.6,95,11,22,201.2,41,36,355.8,94,18,175.0,7,16,180.8,70,9,13,0,59,76,5.85,38,45.92,,30:47,37.0,SEC,7,6
112,Illinois ,12,25,329.8,2021,55,12,173.6,122,6,13,156.2,46,30,365.6,63,16,150.4,43,12,215.2,22,9,5,7,28,61,5.08,65,52.75,,29:20,83.0,Big Ten,5,7
113,Kansas ,12,30,324.2,2021,88,15,139.3,106,10,15,184.8,126,68,486.8,129,40,249.9,81,27,236.8,50,8,3,2,5,49,4.08,2,33.67,,30:46,38.0,Big 12,2,10
114,Washington ,12,31,323.4,2021,125,16,98.4,73,16,15,225.0,23,30,336.9,108,21,193.6,1,6,143.3,118,5,7,-8,8,52,4.33,12,39.92,,28:38,99.0,Pac-12,4,8
115,ULM ,12,28,321.7,2021,95,13,129.9,102,9,15,191.8,112,53,442.8,68,21,153.5,125,30,289.3,50,7,7,2,1,44,3.67,1,32.0,,28:21,102.0,Sun Belt,4,8
116,Northwestern ,12,25,321.6,2021,82,12,144.3,111,14,13,177.3,101,43,429.5,119,31,213.0,46,11,216.5,106,10,8,-6,14,57,4.75,19,42.33,,28:20,103.0,Big Ten,3,9
117,Bowling Green ,12,27,316.8,2021,120,15,102.0,82,9,12,214.8,62,47,373.9,103,30,187.8,9,15,186.2,50,7,8,2,120,96,8.0,121,71.08,,29:40,73.0,MAC,4,8
118,Vanderbilt ,12,21,312.6,2021,103,8,123.3,104,14,13,189.3,118,54,457.7,107,22,193.4,114,29,264.3,87,3,5,-3,47,66,5.5,19,42.33,,30:54,32.0,SEC,2,10
119,UNLV ,12,29,312.3,2021,116,18,109.8,93,14,11,202.5,88,49,408.4,93,19,171.9,78,26,236.5,98,7,7,-5,12,54,4.5,8,37.92,,29:38,75.0,Mountain West,2,10
120,Rutgers ,13,29,310.9,2021,89,20,138.7,114,10,9,172.2,81,43,396.5,81,16,161.5,75,25,234.9,40,11,4,4,22,65,5.0,14,41.0,,30:15,55.0,Big Ten,5,8
121,Iowa ,14,30,303.7,2021,101,18,123.6,109,11,12,180.1,17,31,328.9,13,15,114.4,42,16,214.5,12,5,8,11,4,57,4.07,5,36.07,,29:57,59.0,Big Ten,10,4
122,Stanford ,12,29,302.1,2021,126,13,86.9,81,12,16,215.2,114,50,451.3,127,33,235.7,45,15,215.6,123,3,7,-10,77,78,6.5,34,45.33,,28:16,106.0,Pac-12,3,9
123,Massachusetts ,12,25,300.3,2021,79,14,147.7,123,11,11,152.7,125,70,485.0,126,43,235.4,100,24,249.6,123,8,9,-10,71,75,6.25,97,61.17,,29:50,66.0,FBS Independent,1,11
124,Indiana ,12,22,290.0,2021,113,13,114.5,113,15,9,175.5,71,51,384.6,60,23,148.9,76,24,235.7,128,4,7,-13,13,56,4.67,15,41.25,,29:46,70.0,Big Ten,2,10
125,Temple ,12,22,287.4,2021,117,12,109.3,110,9,10,178.1,82,59,398.3,121,33,220.4,5,25,177.9,81,9,8,-2,57,70,5.83,27,44.83,,27:09,123.0,AAC,3,9
126,Navy ,12,25,282.3,2021,9,19,225.5,130,3,6,56.8,34,43,348.6,32,25,130.4,51,15,218.2,36,6,5,5,9,53,4.42,6,36.17,,34:48,5.0,AAC,4,8
127,Southern Miss. ,12,22,266.3,2021,109,8,120.8,125,17,14,145.5,42,42,358.5,73,15,156.5,24,16,202.0,108,13,14,-7,124,98,8.17,101,62.5,,30:29,46.0,CUSA,3,9
128,UConn ,12,19,265.0,2021,122,8,100.8,116,17,11,164.2,116,59,453.3,110,27,195.3,105,30,258.0,118,4,5,-8,88,81,6.75,49,49.17,,25:49,129.0,FBS Independent,1,11
129,Colorado ,12,22,257.4,2021,98,12,126.2,126,3,10,131.3,98,40,420.9,96,22,178.6,90,17,242.3,29,4,4,6,73,76,6.33,78,56.42,,27:12,122.0,Pac-12,4,8
130,New Mexico ,12,15,234.9,2021,108,5,120.8,127,8,10,114.1,44,39,363.1,51,17,143.3,54,19,219.8,108,4,12,-7,96,83,6.92,82,57.08,,29:52,65.0,Mountain West,3,9
